InverterID,LogTime,OutputPower,ACVolPhaseA,ACVolPhaseB,ACVolPhaseC,ACFrequency,ACOutputCurrentA,ACOutputCurrentB,ACOutputCurrentC,DC1InputVol,DC2InputVol,DC1InputCurrent,DC2InputCurrent,DCBusPositiveVol,DCBusNegativeVol,InternalTemper,HeatSinkTemper,InputPowerA,InputPowerB,TotalOutputPower
1,2017-09-23 05:00:00,0,232,0,0,59.9,0.1,0,0,234.8,235,0,0,255.3,0,27.2,31,0,0,701
2,2017-09-23 05:00:00,0,232.2,0,0,59.9,0,0,0,232,234,0,0,245.7,0,27.3,30.8,0,0,615
3,2017-09-23 05:00:00,0,239.7,0,0,60,0.5,0,0,246.4,246.9,0,0,301.8,0,27.8,31.3,0,0,713
4,2017-09-23 05:00:00,0,237.9,0,0,60,0.5,0,0,265.9,257.1,0,0,326.5,0,27.5,31.2,0,0,702
5,2017-09-23 05:00:00,0,234.8,0,0,59.9,0,0,0,235,235.8,0,0,243.7,0,28.2,31.7,0,0,700
6,2017-09-23 05:00:00,0,235.7,0,0,60,0,0,0,238.7,238.3,0,0,255.1,0,27.3,31,0,0,756
7,2017-09-23 05:00:00,0,233,0,0,59.9,0,0,0,207.8,208,0,0,231.8,0,27.3,31,0,0,628
8,2017-09-23 05:00:00,0,238.2,0,0,59.9,0,0,0,207.8,208.3,0,0,234.3,0,27.2,31,0,0,621
1,2017-09-23 06:00:00,0.23,232.7,0,0,59.9,1.2,0,0,266.5,265.4,0.5,0.6,367.5,0,29.9,34.1,0.1,0.2,701
2,2017-09-23 06:00:00,0.2,232.5,0,0,59.9,1.2,0,0,256.2,284.2,0.4,0.4,366.5,0,29.4,33.4,0.1,0.1,616
3,2017-09-23 06:00:00,0.23,240.1,0,0,60,1.3,0,0,266,264.8,0.5,0.6,382.8,0,30.3,34.5,0.1,0.1,713
4,2017-09-23 06:00:00,0.22,238.1,0,0,60,1.3,0,0,263.4,261.9,0.5,0.5,380,0,29.8,33.9,0.1,0.1,702
5,2017-09-23 06:00:00,0.22,235.4,0,0,60,1.2,0,0,264.4,266.1,0.5,0.5,369.6,0,30.2,34.4,0.1,0.1,700
6,2017-09-23 06:00:00,0.25,235.7,0,0,59.9,1.3,0,0,290,312.1,0.5,0.5,374,0,29.8,33.9,0.1,0.1,756
7,2017-09-23 06:00:00,0.2,233.6,0,0,59.9,1.1,0,0,234.2,234.4,0.5,0.5,366.2,0,29.7,33.8,0.1,0.1,629
8,2017-09-23 06:00:00,0.2,238.4,0,0,59.9,1.1,0,0,236.5,235.3,0.5,0.5,372.8,0,30,34.2,0.1,0.1,622
1,2017-09-23 07:00:00,0.59,233.4,0,0,59.9,2.6,0,0,266.2,267.2,1.2,1.3,374.9,0,33.4,38,0.3,0.3,702
2,2017-09-23 07:00:00,0.57,233.1,0,0,59.9,2.5,0,0,254.9,278.9,1.1,1.1,374.6,0,32.6,37.2,0.3,0.3,616
3,2017-09-23 07:00:00,0.6,240.4,0,0,59.9,2.6,0,0,267.3,267.8,1.2,1.3,385.1,0,33.8,38.3,0.3,0.3,714
4,2017-09-23 07:00:00,0.58,238.5,0,0,59.9,2.5,0,0,265.8,265,1.2,1.3,382.3,0,33,37.5,0.3,0.3,702
5,2017-09-23 07:00:00,0.58,235.7,0,0,59.9,2.5,0,0,264.2,266.3,1.2,1.3,378.2,0,33.6,38.2,0.3,0.3,701
6,2017-09-23 07:00:00,0.66,236.2,0,0,59.9,2.9,0,0,292.1,308.1,1.2,1.2,378.9,0,33.5,38.1,0.3,0.4,757
7,2017-09-23 07:00:00,0.52,234.3,0,0,59.9,2.3,0,0,234.8,235.7,1.2,1.2,376.2,0,33.4,38,0.3,0.3,629
8,2017-09-23 07:00:00,0.52,238.9,0,0,59.9,2.2,0,0,235.6,235.4,1.2,1.3,382.8,0,33.6,38.1,0.3,0.3,622
1,2017-09-23 08:00:00,1.79,235.4,0,0,59.9,7.6,0,0,265.8,264.5,3.6,3.7,377.9,0,40.4,45.7,0.9,1,704
2,2017-09-23 08:00:00,1.78,235.3,0,0,60,7.6,0,0,259.4,266,3.6,3.6,377.7,0,40,45.1,0.9,0.9,618
3,2017-09-23 08:00:00,1.83,242.5,0,0,59.9,7.5,0,0,264.3,265,3.5,3.8,387.8,0,40.9,46.2,0.9,1,716
4,2017-09-23 08:00:00,1.79,240.5,0,0,59.9,7.4,0,0,263,263.6,3.5,3.7,385,0,39.9,45,0.9,1,704
5,2017-09-23 08:00:00,1.78,238,0,0,59.9,7.5,0,0,261.9,264.9,3.5,3.8,381.5,0,40.7,45.9,0.9,1,703
6,2017-09-23 08:00:00,2.03,238.3,0,0,59.9,8.5,0,0,291.7,297.1,3.6,3.6,382,0,41.5,46.8,1.1,1.1,759
7,2017-09-23 08:00:00,1.6,236.6,0,0,59.9,6.8,0,0,232.4,232.9,3.6,3.6,379.4,0,42,47.3,0.8,0.8,631
8,2017-09-23 08:00:00,1.58,241.1,0,0,59.9,6.6,0,0,234.5,234.5,3.5,3.8,385.7,0,41.8,47.1,0.8,0.9,624
1,2017-09-23 09:00:00,2.75,235.4,0,0,59.9,11.6,0,0,254.8,256.5,5.7,5.7,377.7,0,49,55,1.4,1.5,706
1,2017-09-23 09:00:00,2.75,235.4,0,0,59.9,11.6,0,0,254.8,256.5,5.7,5.7,377.7,0,49,55,1.4,1.5,706
2,2017-09-23 09:00:00,2.51,235.2,0,0,59.9,10.6,0,0,257.4,261.3,5.2,5.2,373.1,0,47.9,53.6,1.3,1.3,621
3,2017-09-23 09:00:00,2.8,243.1,0,0,59.9,11.5,0,0,255.6,257.8,5.5,5.9,388.7,0,49.4,55.4,1.4,1.5,719
4,2017-09-23 09:00:00,2.74,241.2,0,0,59.9,11.3,0,0,256.8,255.6,5.4,5.8,386.1,0,48.1,54,1.4,1.5,707
5,2017-09-23 09:00:00,2.74,238.3,0,0,59.9,11.5,0,0,255.8,256.4,5.5,5.9,382,0,48.5,54.5,1.4,1.5,705
6,2017-09-23 09:00:00,3.11,238.8,0,0,59.9,13,0,0,285.9,287.2,5.7,5.7,382.8,0,50.2,56.4,1.6,1.6,762
7,2017-09-23 09:00:00,2.47,236.6,0,0,59.9,10.4,0,0,227.1,227.8,5.6,5.7,379.4,0,51.4,57.8,1.3,1.3,633
8,2017-09-23 09:00:00,2.44,241.8,0,0,59.9,10,0,0,228,228.7,5.4,5.9,386.9,0,51,57.3,1.2,1.3,626
1,2017-09-23 10:00:00,3.49,235.2,0,0,60,14.8,0,0,252.3,256.2,7.1,7.2,377.4,0,53.3,59.8,1.8,1.8,710
2,2017-09-23 10:00:00,3.28,235,0,0,59.9,13.9,0,0,254.4,259.6,6.7,6.7,372.4,0,50.5,56.8,1.7,1.7,624
3,2017-09-23 10:00:00,3.54,243.1,0,0,60,14.5,0,0,251.9,255.9,7,7.5,388.7,0,52.9,59.4,1.7,1.9,722
4,2017-09-23 10:00:00,3.5,241.3,0,0,60,14.5,0,0,255.6,252.5,6.8,7.4,386.4,0,51.4,57.9,1.7,1.9,711
5,2017-09-23 10:00:00,3.49,238.2,0,0,60,14.6,0,0,257.1,253.2,7,7.5,381.9,0,51,57.6,1.8,1.9,709
6,2017-09-23 10:00:00,3.96,238.8,0,0,60,16.5,0,0,285.4,283.6,7.2,7.2,382.7,0,53.1,59.5,2,2,766
7,2017-09-23 10:00:00,3.16,236.3,0,0,60,13.3,0,0,226.7,228.3,7.1,7.2,379.1,0,50.9,57.5,1.6,1.6,637
8,2017-09-23 10:00:00,3.1,241.9,0,0,59.9,12.8,0,0,224.8,230,6.9,7.5,387.2,0,50.9,57.4,1.5,1.7,629
1,2017-09-23 11:00:00,3.82,235.1,0,0,59.9,16.2,0,0,247.2,252,7.9,8,377.4,0,56.5,63,1.9,2,714
2,2017-09-23 11:00:00,3.82,235.1,0,0,59.9,16.2,0,0,245.4,251.9,7.8,7.8,377.3,0,55.1,61.5,1.9,1.9,628
3,2017-09-23 11:00:00,3.87,243.4,0,0,59.9,15.9,0,0,248.5,252.8,7.6,8.3,389.1,0,56.3,62.8,1.9,2.1,726
4,2017-09-23 11:00:00,3.83,241.8,0,0,59.9,15.8,0,0,251.1,248.6,7.5,8.1,386.9,0,54.6,61.2,1.9,2,714
5,2017-09-23 11:00:00,3.82,238.1,0,0,59.9,16,0,0,252.4,248.6,7.8,8.3,381.7,0,54.4,61,2,2.1,713
6,2017-09-23 11:00:00,4.34,238.8,0,0,59.9,18.1,0,0,280.3,280.5,7.9,7.9,382.6,0,56.6,63.2,2.2,2.2,771
7,2017-09-23 11:00:00,3.46,236.4,0,0,59.9,14.6,0,0,223.5,225.2,7.9,7.9,379.4,0,52.2,58.7,1.8,1.8,640
8,2017-09-23 11:00:00,3.41,242.3,0,0,59.9,14,0,0,221.5,225.9,7.6,8.3,387.5,0,51.8,58.3,1.7,1.9,633
1,2017-09-23 12:00:00,2.56,233.7,0,0,59.9,10.9,0,0,258.1,259.4,5.2,5.3,375.5,0,50.6,56.7,1.3,1.4,716
2,2017-09-23 12:00:00,2.34,233.7,0,0,59.9,10,0,0,255.6,262.8,4.8,4.8,371,0,49,55,1.2,1.2,630
3,2017-09-23 12:00:00,2.59,242.6,0,0,59.9,10.6,0,0,258.1,261.5,5.1,5.4,387.9,0,50.8,57,1.3,1.4,729
4,2017-09-23 12:00:00,2.56,240.8,0,0,59.9,10.6,0,0,259.3,257.6,5,5.4,385.6,0,49.9,55.8,1.3,1.4,717
5,2017-09-23 12:00:00,2.55,237,0,0,59.9,10.7,0,0,260.1,258.6,5,5.4,380.1,0,49.8,55.8,1.3,1.4,715
6,2017-09-23 12:00:00,2.88,237.5,0,0,59.9,12.1,0,0,290.9,288.7,5.2,5.2,380.7,0,51.2,57.1,1.5,1.5,773
7,2017-09-23 12:00:00,2.3,234.9,0,0,59.9,9.7,0,0,231.2,231.4,5.2,5.2,377.1,0,48.2,53.9,1.2,1.2,642
8,2017-09-23 12:00:00,2.25,241.4,0,0,59.9,9.3,0,0,228.2,232.2,5,5.4,386.3,0,48.1,53.8,1.1,1.2,635
1,2017-09-23 13:00:00,3.2,234.8,0,0,59.9,13.6,0,0,254.6,258,6.6,6.6,376.9,0,51.1,57.6,1.7,1.7,719
2,2017-09-23 13:00:00,3.17,234.8,0,0,60,13.5,0,0,250.7,254.7,6.5,6.5,376.9,0,50,56.4,1.6,1.6,633
3,2017-09-23 13:00:00,3.23,243.9,0,0,60,13.2,0,0,255.5,258,6.3,6.8,389.8,0,51.1,57.7,1.6,1.7,732
4,2017-09-23 13:00:00,3.21,242.1,0,0,60,13.2,0,0,256.1,254,6.3,6.8,387.3,0,50,56.5,1.6,1.7,720
5,2017-09-23 13:00:00,3.19,237.8,0,0,60,13.4,0,0,257.4,255.7,6.3,6.8,381.2,0,50.1,56.6,1.6,1.7,718
6,2017-09-23 13:00:00,3.61,238.2,0,0,60,15.1,0,0,287.3,286.8,6.5,6.5,382,0,51.9,58.4,1.9,1.9,777
7,2017-09-23 13:00:00,2.88,236.1,0,0,59.9,12.1,0,0,227.8,228.7,6.6,6.6,378.7,0,49.2,54.8,1.5,1.5,645
8,2017-09-23 13:00:00,2.82,242.8,0,0,59.9,11.6,0,0,226.1,229.8,6.3,6.8,388.1,0,49,54.5,1.4,1.6,638
1,2017-09-23 14:00:00,2.52,233.3,0,0,60,10.8,0,0,258.1,261.3,5.2,5.2,374.9,0,49.5,55.5,1.3,1.3,722
2,2017-09-23 14:00:00,2.51,233.2,0,0,60,10.7,0,0,255.8,261.9,5.1,5.1,374.8,0,48.6,54.6,1.3,1.3,635
3,2017-09-23 14:00:00,2.55,242.2,0,0,60,10.5,0,0,260.3,262.3,5,5.3,387.4,0,49.8,55.8,1.3,1.4,734
4,2017-09-23 14:00:00,2.53,240.3,0,0,60,10.5,0,0,259.8,259.4,5,5.3,384.9,0,48.8,54.7,1.3,1.4,722
5,2017-09-23 14:00:00,2.52,236.2,0,0,60,10.6,0,0,259.5,260.8,4.9,5.3,379,0,49,55,1.3,1.4,721
6,2017-09-23 14:00:00,2.84,236.7,0,0,60,12,0,0,290.3,289.9,5.1,5.1,379.6,0,50.2,56.3,1.5,1.5,780
7,2017-09-23 14:00:00,2.26,234.6,0,0,60,9.6,0,0,230,230.9,5.1,5.1,376.6,0,47.7,53.1,1.2,1.2,647
8,2017-09-23 14:00:00,2.22,241,0,0,60,9.2,0,0,229.2,232.5,4.9,5.3,385.7,0,47.6,53.1,1.1,1.2,640
1,2017-09-23 15:00:00,1.78,232.8,0,0,59.9,7.6,0,0,264.5,266,3.6,3.6,374.1,0,44.7,50.2,0.9,1,723
2,2017-09-23 15:00:00,1.77,232.6,0,0,59.9,7.6,0,0,259.1,268.6,3.5,3.5,373.8,0,44,49.4,0.9,0.9,637
3,2017-09-23 15:00:00,1.8,241.1,0,0,59.9,7.4,0,0,265.6,267.3,3.5,3.7,385.9,0,45.2,50.7,0.9,1,736
4,2017-09-23 15:00:00,1.77,239.2,0,0,59.9,7.4,0,0,264.9,263.9,3.5,3.7,383.4,0,44.2,49.7,0.9,1,724
5,2017-09-23 15:00:00,1.76,235.7,0,0,59.9,7.5,0,0,266,265.3,3.4,3.7,378.1,0,44.5,49.9,0.9,1,723
6,2017-09-23 15:00:00,1.99,236.1,0,0,59.9,8.4,0,0,295.8,298.4,3.5,3.5,378.9,0,45.1,50.5,1,1,782
7,2017-09-23 15:00:00,1.58,233.8,0,0,59.9,6.7,0,0,235.4,235.8,3.5,3.6,375.6,0,43,48.4,0.8,0.8,649
8,2017-09-23 15:00:00,1.56,239.7,0,0,59.9,6.5,0,0,233.7,237.8,3.4,3.7,383.9,0,43.3,48.7,0.8,0.9,641
1,2017-09-23 16:00:00,0.84,232.4,0,0,59.9,3.7,0,0,267,267.1,1.7,1.8,373.7,0,39.6,44.5,0.5,0.5,724
2,2017-09-23 16:00:00,0.82,232.3,0,0,59.9,3.6,0,0,258.2,275.2,1.7,1.7,373.6,0,39.1,44,0.4,0.4,638
3,2017-09-23 16:00:00,0.85,240.5,0,0,59.9,3.6,0,0,266.5,267.7,1.7,1.8,385,0,40.2,45.3,0.4,0.5,737
4,2017-09-23 16:00:00,0.84,238.6,0,0,59.9,3.6,0,0,264.9,265.2,1.7,1.8,382.5,0,39.5,44.5,0.4,0.5,725
5,2017-09-23 16:00:00,0.83,235.3,0,0,59.9,3.6,0,0,265.8,265.9,1.6,1.8,377.4,0,40,45.2,0.4,0.5,723
6,2017-09-23 16:00:00,0.94,235.7,0,0,59.9,4,0,0,292.4,303.3,1.7,1.7,378.1,0,40,45,0.5,0.5,782
7,2017-09-23 16:00:00,0.74,233.4,0,0,59.9,3.2,0,0,235,235.2,1.7,1.7,375.1,0,38.9,43.7,0.4,0.4,649
8,2017-09-23 16:00:00,0.73,238.9,0,0,59.9,3.1,0,0,236.3,238.1,1.6,1.8,382.9,0,39.5,44.4,0.4,0.4,642
1,2017-09-23 17:00:00,0.12,231.8,0,0,59.9,1,0,0,250,256.4,0.3,0.4,372.9,0,35.7,40.1,0.1,0.1,724
1,2017-09-23 17:00:00,0.12,231.8,0,0,59.9,1,0,0,250,256.4,0.3,0.4,372.9,0,35.7,40.1,0.1,0.1,724
1,2017-09-23 17:00:00,0.12,231.8,0,0,59.9,1,0,0,250,256.4,0.3,0.4,372.9,0,35.7,40.1,0.1,0.1,724
2,2017-09-23 17:00:00,0.1,231.7,0,0,59.9,1,0,0,247.3,276.8,0.2,0.2,372.7,0,35,39.5,0.1,0.1,638
2,2017-09-23 17:00:00,0.1,231.7,0,0,59.9,1,0,0,247.3,276.8,0.2,0.2,372.7,0,35,39.5,0.1,0.1,638
2,2017-09-23 17:00:00,0.1,231.7,0,0,59.9,1,0,0,247.3,276.8,0.2,0.2,372.7,0,35,39.5,0.1,0.1,638
3,2017-09-23 17:00:00,0.13,240.1,0,0,59.9,1.2,0,0,251.4,256.2,0.3,0.3,384.5,0,36.2,40.7,0.1,0.1,737
3,2017-09-23 17:00:00,0.13,240.1,0,0,59.9,1.2,0,0,251.4,256.2,0.3,0.3,384.5,0,36.2,40.7,0.1,0.1,737
3,2017-09-23 17:00:00,0.13,240.1,0,0,59.9,1.2,0,0,251.4,256.2,0.3,0.3,384.5,0,36.2,40.7,0.1,0.1,737
4,2017-09-23 17:00:00,0.12,238.2,0,0,59.9,1.1,0,0,248.7,249.9,0.3,0.3,381.8,0,35.6,40,0.1,0.1,725
4,2017-09-23 17:00:00,0.12,238.2,0,0,59.9,1.1,0,0,248.7,249.9,0.3,0.3,381.8,0,35.6,40,0.1,0.1,725
4,2017-09-23 17:00:00,0.12,238.2,0,0,59.9,1.1,0,0,248.7,249.9,0.3,0.3,381.8,0,35.6,40,0.1,0.1,725
5,2017-09-23 17:00:00,0.12,234.5,0,0,59.9,1,0,0,246.8,253.7,0.3,0.3,376.6,0,36,40.4,0.1,0.1,723
5,2017-09-23 17:00:00,0.12,234.5,0,0,59.9,1,0,0,246.8,253.7,0.3,0.3,376.6,0,36,40.4,0.1,0.1,723
5,2017-09-23 17:00:00,0.12,234.5,0,0,59.9,1,0,0,246.8,253.7,0.3,0.3,376.6,0,36,40.4,0.1,0.1,723
6,2017-09-23 17:00:00,0.13,235,0,0,59.9,1.1,0,0,278.5,305.1,0.3,0.3,377.2,0,35.4,39.8,0.1,0.1,783
6,2017-09-23 17:00:00,0.13,235,0,0,59.9,1.1,0,0,278.5,305.1,0.3,0.3,377.2,0,35.4,39.8,0.1,0.1,783
6,2017-09-23 17:00:00,0.13,235,0,0,59.9,1.1,0,0,278.5,305.1,0.3,0.3,377.2,0,35.4,39.8,0.1,0.1,783
7,2017-09-23 17:00:00,0.1,232.7,0,0,59.9,0.9,0,0,216.9,218.3,0.3,0.3,373.9,0,34.9,39.3,0.1,0.1,650
7,2017-09-23 17:00:00,0.1,232.7,0,0,59.9,0.9,0,0,216.9,218.3,0.3,0.3,373.9,0,34.9,39.3,0.1,0.1,650
7,2017-09-23 17:00:00,0.1,232.7,0,0,59.9,0.9,0,0,216.9,218.3,0.3,0.3,373.9,0,34.9,39.3,0.1,0.1,650
8,2017-09-23 17:00:00,0.1,238.5,0,0,59.9,1,0,0,219.1,222.4,0.3,0.3,382.2,0,35.5,39.9,0.1,0.1,642
8,2017-09-23 17:00:00,0.1,238.5,0,0,59.9,1,0,0,219.1,222.4,0.3,0.3,382.2,0,35.5,39.9,0.1,0.1,642
8,2017-09-23 17:00:00,0.1,238.5,0,0,59.9,1,0,0,219.1,222.4,0.3,0.3,382.2,0,35.5,39.9,0.1,0.1,642
1,2017-09-24 05:00:00,0,231.7,0,0,59.9,0.1,0,0,187.3,187.8,0,0,206.5,0,27.3,30.8,0,0,724
2,2017-09-24 05:00:00,0,231.6,0,0,59.9,0,0,0,222,224,0,0,231.2,0,27.2,30.6,0,0,638
3,2017-09-24 05:00:00,0,238.9,0,0,60,0.6,0,0,252.1,257,0,0,327.5,0,27.8,31.4,0,0,737
4,2017-09-24 05:00:00,0,237.5,0,0,59.9,0.5,0,0,248.9,254.2,0,0,325.2,0,27.5,31.2,0,0,725
5,2017-09-24 05:00:00,0,234,0,0,59.9,0,0,0,224.2,224.8,0,0,234.8,0,28,31.4,0,0,723
6,2017-09-24 05:00:00,0,235,0,0,59.9,0,0,0,251.2,252,0,0,262.4,0,27.4,30.8,0,0,783
7,2017-09-24 05:00:00,0,232.6,0,0,59.9,0,0,0,199.2,199.4,0,0,209.6,0,27.2,30.8,0,0,650
8,2017-09-24 05:00:00,0,237,0,0,59.9,0,0,0,199.2,199.8,0,0,210,0,27.2,31,0,0,642
1,2017-09-24 06:00:00,0.25,232.2,0,0,59.9,1.3,0,0,262.4,258.8,0.5,0.6,356.6,0,29.8,33.9,0.1,0.2,725
2,2017-09-24 06:00:00,0.23,232,0,0,59.9,1.3,0,0,261.4,283.2,0.5,0.5,360.3,0,29.3,33.3,0.1,0.1,638
3,2017-09-24 06:00:00,0.26,239.4,0,0,59.9,1.5,0,0,266.8,268.6,0.5,0.6,379.9,0,30.2,34.5,0.1,0.2,737
4,2017-09-24 06:00:00,0.25,237.7,0,0,59.9,1.4,0,0,266.1,265.4,0.5,0.6,377.3,0,29.8,33.9,0.1,0.1,725
5,2017-09-24 06:00:00,0.25,234.5,0,0,59.9,1.3,0,0,262.3,265.5,0.6,0.6,363,0,30,34.2,0.1,0.2,724
6,2017-09-24 06:00:00,0.29,235,0,0,59.9,1.4,0,0,289.6,285.7,0.5,0.5,367.7,0,29.8,33.8,0.2,0.2,783
7,2017-09-24 06:00:00,0.23,233.2,0,0,60,1.2,0,0,233.3,233.8,0.5,0.6,360.4,0,29.6,33.7,0.1,0.1,650
8,2017-09-24 06:00:00,0.23,237.9,0,0,59.9,1.2,0,0,235.5,233.2,0.5,0.6,366.4,0,29.8,34,0.1,0.1,642
1,2017-09-24 07:00:00,1.23,233.7,0,0,60,5.3,0,0,269.7,269.9,2.5,2.5,375.5,0,35.8,40.4,0.7,0.7,726
2,2017-09-24 07:00:00,1.22,233.6,0,0,60,5.2,0,0,264.8,275.6,2.4,2.4,375.4,0,35,39.6,0.6,0.7,640
3,2017-09-24 07:00:00,1.26,240.7,0,0,60,5.2,0,0,271.4,272,2.4,2.6,385.4,0,36.1,40.7,0.6,0.7,739
4,2017-09-24 07:00:00,1.21,238.8,0,0,60,5.1,0,0,269.7,268.5,2.3,2.5,382.7,0,35.2,39.8,0.6,0.7,727
5,2017-09-24 07:00:00,1.22,235.7,0,0,60,5.2,0,0,269.3,269.6,2.3,2.6,378.2,0,35.7,40.3,0.6,0.7,725
6,2017-09-24 07:00:00,1.39,236.2,0,0,60,5.9,0,0,302.6,308.7,2.4,2.4,378.8,0,35.9,40.5,0.7,0.7,784
7,2017-09-24 07:00:00,1.09,234.8,0,0,60,4.7,0,0,239,239.1,2.4,2.4,376.9,0,35.8,40.6,0.6,0.6,651
8,2017-09-24 07:00:00,1.08,239.1,0,0,60,4.5,0,0,238.8,240.2,2.3,2.5,383.2,0,35.7,40.5,0.6,0.6,644
1,2017-09-24 08:00:00,2.25,237.5,0,0,59.9,9.5,0,0,262.1,262.7,4.5,4.6,380.7,0,43.8,49.4,1.2,1.2,728
2,2017-09-24 08:00:00,2.24,237.4,0,0,59.9,9.4,0,0,257,263.1,4.5,4.5,380.6,0,43,48.5,1.2,1.2,642
3,2017-09-24 08:00:00,2.29,244.2,0,0,59.9,9.4,0,0,261.5,263.2,4.4,4.8,390.2,0,44,49.6,1.2,1.2,741
4,2017-09-24 08:00:00,2.23,242.3,0,0,59.9,9.2,0,0,261.8,260.8,4.4,4.7,387.6,0,42.8,48.2,1.1,1.2,729
5,2017-09-24 08:00:00,2.24,238.9,0,0,59.9,9.3,0,0,260.9,262.6,4.4,4.7,382.9,0,43.1,48.7,1.1,1.2,727
6,2017-09-24 08:00:00,2.55,239.6,0,0,59.9,10.6,0,0,291.4,293.4,4.6,4.6,383.7,0,44.1,49.7,1.3,1.3,787
7,2017-09-24 08:00:00,2.02,238.6,0,0,59.9,8.4,0,0,232.4,232,4.6,4.6,382.2,0,47.9,54,1.1,1.1,653
8,2017-09-24 08:00:00,1.99,243,0,0,59.9,8.2,0,0,231.9,232.8,4.4,4.7,388.5,0,47.6,53.6,1,1.1,646
1,2017-09-24 09:00:00,2.68,236.6,0,0,59.9,11.3,0,0,256.1,258.2,5.5,5.5,379.4,0,49.4,55.4,1.4,1.4,731
2,2017-09-24 09:00:00,2.4,236.5,0,0,59.9,10.1,0,0,258.7,264.3,4.9,4.9,371.9,0,48,53.6,1.2,1.3,644
3,2017-09-24 09:00:00,2.72,243.7,0,0,59.9,11.2,0,0,257.4,260.1,5.3,5.7,389.5,0,49.5,55.5,1.4,1.5,744
4,2017-09-24 09:00:00,2.67,241.9,0,0,59.9,11,0,0,257.7,255.7,5.3,5.7,387,0,48.4,54,1.4,1.4,732
5,2017-09-24 09:00:00,2.67,238.2,0,0,59.9,11.2,0,0,257.6,257.3,5.3,5.7,382,0,48.6,54.2,1.4,1.5,730
6,2017-09-24 09:00:00,2.64,238.8,0,0,59.9,11,0,0,296.8,295.5,4.8,4.8,379.7,0,49,54.7,1.4,1.4,790
7,2017-09-24 09:00:00,2.41,237.7,0,0,59.9,10.1,0,0,229.4,229.6,5.4,5.5,381,0,51.9,58.4,1.2,1.3,655
8,2017-09-24 09:00:00,2.37,242.6,0,0,59.9,9.8,0,0,227.8,230.6,5.3,5.7,387.9,0,51.6,58.1,1.2,1.3,648
1,2017-09-24 10:00:00,2.46,234.9,0,0,59.9,10.4,0,0,257.8,258.3,5,5.1,377.2,0,49.9,56.1,1.3,1.3,733
2,2017-09-24 10:00:00,1.19,234.8,0,0,59.9,5,0,0,274.8,283.9,2.5,2.5,351.3,0,43.8,49,0.6,0.6,645
3,2017-09-24 10:00:00,2.48,242.7,0,0,59.9,10.2,0,0,257.2,259.7,4.8,5.2,388.2,0,50.1,56.1,1.2,1.3,746
4,2017-09-24 10:00:00,2.44,240.9,0,0,59.9,10.1,0,0,257.7,254,4.8,5.2,385.5,0,48.8,54.6,1.2,1.3,734
5,2017-09-24 10:00:00,2.43,237,0,0,59.9,10.2,0,0,258.2,256.4,4.9,5.2,380,0,48.8,54.6,1.2,1.3,732
6,2017-09-24 10:00:00,1.23,237.2,0,0,59.9,5.2,0,0,318.8,313.3,2.4,2.4,367.4,0,42.8,48.6,0.7,0.6,791
7,2017-09-24 10:00:00,2.18,236.2,0,0,59.9,9.2,0,0,230.2,229.8,4.9,5,378.8,0,48.7,54.5,1.1,1.1,658
8,2017-09-24 10:00:00,2.14,241.5,0,0,59.9,8.8,0,0,227.9,230.9,4.7,5.2,386.3,0,48.8,54.6,1.1,1.2,650
1,2017-09-24 11:00:00,3.07,235.1,0,0,60,13,0,0,255.8,257.8,6.3,6.3,377.4,0,50,56.4,1.6,1.6,736
2,2017-09-24 11:00:00,1.94,235.1,0,0,60,8.2,0,0,278.2,281,4,4,354.3,0,43.4,48.9,1,1,647
3,2017-09-24 11:00:00,3.13,243.3,0,0,60,12.8,0,0,256.8,258.2,6.1,6.6,389,0,50.5,56.8,1.6,1.7,749
4,2017-09-24 11:00:00,3.09,241.6,0,0,60,12.8,0,0,255.9,257.3,6.1,6.5,386.5,0,49.2,55.3,1.5,1.7,737
5,2017-09-24 11:00:00,3.09,237.3,0,0,60,13,0,0,258.2,257.2,6.1,6.6,380.4,0,49.6,55.9,1.6,1.7,736
6,2017-09-24 11:00:00,2.76,237.6,0,0,59.9,11.6,0,0,300.3,294.9,5.1,5.2,375.9,0,46.6,52.7,1.4,1.4,794
7,2017-09-24 11:00:00,2.78,236.5,0,0,59.9,11.7,0,0,228.3,228.5,6.3,6.4,379.2,0,48.5,54.5,1.4,1.4,660
8,2017-09-24 11:00:00,2.75,242.1,0,0,60,11.3,0,0,228.6,231.1,6.1,6.6,387.3,0,48.4,54.4,1.4,1.5,653
1,2017-09-24 12:00:00,3.67,235.4,0,0,59.9,15.6,0,0,252.1,251.9,7.5,7.7,377.7,0,54.4,60.9,1.9,1.9,740
2,2017-09-24 12:00:00,3.12,235.3,0,0,59.9,13.2,0,0,260.3,258.4,6.4,6.4,369.1,0,49.5,55.6,1.6,1.6,650
3,2017-09-24 12:00:00,3.74,244.1,0,0,59.9,15.3,0,0,254.3,253.2,7.3,7.9,389.9,0,54.6,61.2,1.9,2,753
4,2017-09-24 12:00:00,3.7,242.3,0,0,59.9,15.2,0,0,251.7,251.9,7.2,7.8,387.6,0,52.9,59.5,1.8,2,741
5,2017-09-24 12:00:00,3.66,237.5,0,0,59.9,15.4,0,0,250.8,252,7.4,8,380.6,0,53.6,60.1,1.8,2,739
6,2017-09-24 12:00:00,4.11,238,0,0,59.9,17.2,0,0,276.8,280.3,7.6,7.6,381.4,0,54.6,61.3,2.1,2.1,798
7,2017-09-24 12:00:00,3.28,236.7,0,0,59.9,13.8,0,0,222.7,223.7,7.5,7.6,379.6,0,52.5,59,1.7,1.7,664
8,2017-09-24 12:00:00,3.28,242.9,0,0,59.9,13.5,0,0,224.9,226.4,7.3,7.9,388.5,0,52.3,58.9,1.6,1.8,656
1,2017-09-24 13:00:00,3.46,234.8,0,0,59.9,14.7,0,0,252.4,253.3,7.1,7.2,376.8,0,54.6,61,1.8,1.8,743
2,2017-09-24 13:00:00,3.46,234.8,0,0,59.9,14.7,0,0,253,250.1,7,7,376.9,0,53.2,59.7,1.8,1.7,654
3,2017-09-24 13:00:00,3.51,243.9,0,0,59.9,14.4,0,0,255,253,6.9,7.4,389.6,0,55.3,61.8,1.7,1.9,757
4,2017-09-24 13:00:00,3.47,242.1,0,0,59.9,14.3,0,0,253,252,6.8,7.3,387.3,0,53.3,59.8,1.7,1.8,744
5,2017-09-24 13:00:00,3.44,237,0,0,59.9,14.5,0,0,251.2,254.1,6.9,7.4,379.9,0,54,60.5,1.7,1.9,743
6,2017-09-24 13:00:00,3.88,237.6,0,0,59.9,16.3,0,0,278.5,285.2,7.1,7.1,380.7,0,56.3,62.8,2,2,802
7,2017-09-24 13:00:00,3.08,236.1,0,0,59.9,13,0,0,223.9,224.8,7,7.1,378.6,0,53.1,59.7,1.6,1.6,667
8,2017-09-24 13:00:00,3.07,242.8,0,0,59.9,12.6,0,0,225.9,225.9,6.9,7.4,388.2,0,53,59.4,1.5,1.7,659
1,2017-09-24 14:00:00,2.93,234.3,0,0,60,12.5,0,0,256.1,255.7,6,6.1,376.3,0,52.6,59,1.5,1.5,746
2,2017-09-24 14:00:00,2.92,234.2,0,0,59.9,12.4,0,0,254.9,253.7,6,6,376.1,0,51.7,58.1,1.5,1.5,657
3,2017-09-24 14:00:00,2.97,243.2,0,0,60,12.2,0,0,257.7,256.6,5.8,6.2,388.9,0,53,59.5,1.5,1.6,759
4,2017-09-24 14:00:00,2.94,241.5,0,0,59.9,12.1,0,0,255.4,255.8,5.8,6.2,386.4,0,51.4,57.9,1.5,1.6,747
5,2017-09-24 14:00:00,2.91,236.7,0,0,59.9,12.3,0,0,255.1,256.8,5.8,6.2,379.5,0,52.2,58.6,1.5,1.6,745
6,2017-09-24 14:00:00,3.29,237.3,0,0,59.9,13.8,0,0,282.3,287.2,6,6,380.4,0,54,60.4,1.7,1.7,805
7,2017-09-24 14:00:00,2.6,235.6,0,0,59.9,11,0,0,226.5,227.7,6,6,377.9,0,51.1,57.6,1.3,1.4,669
8,2017-09-24 14:00:00,2.59,242.2,0,0,59.9,10.7,0,0,229,228.6,5.7,6.2,387.4,0,51.3,57.7,1.3,1.4,662
1,2017-09-24 15:00:00,2.18,234.2,0,0,59.9,9.3,0,0,262.7,262.6,4.4,4.4,376.1,0,48.1,53.9,1.2,1.2,748
2,2017-09-24 15:00:00,2.17,234.1,0,0,59.9,9.2,0,0,259.4,262.9,4.4,4.4,375.9,0,47.5,53.2,1.1,1.1,659
3,2017-09-24 15:00:00,2.2,243,0,0,59.9,9,0,0,264.4,264,4.3,4.5,388.5,0,48.3,54.1,1.1,1.2,762
4,2017-09-24 15:00:00,2.19,241.1,0,0,59.9,9,0,0,261.5,261.9,4.3,4.6,386,0,47.2,52.7,1.1,1.2,749
5,2017-09-24 15:00:00,2.15,236.6,0,0,59.9,9.1,0,0,260.3,263.8,4.2,4.5,379.5,0,47.8,53.4,1.1,1.2,748
6,2017-09-24 15:00:00,2.43,237.2,0,0,59.9,10.2,0,0,289.4,294.3,4.4,4.4,380.3,0,48.7,54.6,1.3,1.3,807
7,2017-09-24 15:00:00,1.93,235.3,0,0,59.9,8.2,0,0,231.5,231.9,4.4,4.4,377.7,0,47.1,52.6,1,1,671
8,2017-09-24 15:00:00,1.92,241.7,0,0,59.9,7.9,0,0,234.6,234.5,4.2,4.5,386.9,0,47.3,52.9,1,1.1,664
1,2017-09-24 16:00:00,0.99,233.3,0,0,60,4.3,0,0,266.3,265.7,2,2.1,374.8,0,41,46.3,0.5,0.5,749
2,2017-09-24 16:00:00,0.96,233.1,0,0,60,4.2,0,0,260.1,272.9,1.9,1.9,374.6,0,40.7,46,0.5,0.5,660
3,2017-09-24 16:00:00,1,241.8,0,0,60,4.2,0,0,267.2,267.6,1.9,2.1,386.9,0,41.5,46.9,0.5,0.6,763
4,2017-09-24 16:00:00,0.98,239.8,0,0,60,4.1,0,0,266.5,265.6,1.9,2.1,384.2,0,40.7,45.9,0.5,0.5,750
5,2017-09-24 16:00:00,0.96,236,0,0,59.9,4.1,0,0,264.5,266.5,1.9,2.1,378.5,0,41.5,46.9,0.5,0.6,748
6,2017-09-24 16:00:00,1.09,236.5,0,0,60,4.7,0,0,291.6,302.6,2,2,379.3,0,41.7,47,0.6,0.6,808
7,2017-09-24 16:00:00,0.86,234.3,0,0,59.9,3.7,0,0,234.7,234.3,2,2,376.2,0,40.9,46.2,0.5,0.5,672
8,2017-09-24 16:00:00,0.84,240.4,0,0,60,3.5,0,0,239.5,239.7,1.9,2,384.8,0,41.4,46.8,0.4,0.5,664
1,2017-09-24 17:00:00,0.19,231.8,0,0,60,1.1,0,0,257.1,258.2,0.5,0.6,372.7,0,36.9,41.3,0.1,0.1,750
1,2017-09-24 17:00:00,0.19,231.8,0,0,60,1.1,0,0,257.1,258.2,0.5,0.6,372.7,0,36.9,41.3,0.1,0.1,750
1,2017-09-24 17:00:00,0.19,231.8,0,0,60,1.1,0,0,257.1,258.2,0.5,0.6,372.7,0,36.9,41.3,0.1,0.1,750
2,2017-09-24 17:00:00,0.17,231.6,0,0,60,1.1,0,0,246.5,278.2,0.4,0.4,372.5,0,36.2,40.8,0.1,0.1,660
2,2017-09-24 17:00:00,0.17,231.6,0,0,60,1.1,0,0,246.5,278.2,0.4,0.4,372.5,0,36.2,40.8,0.1,0.1,660
2,2017-09-24 17:00:00,0.17,231.6,0,0,60,1.1,0,0,246.5,278.2,0.4,0.4,372.5,0,36.2,40.8,0.1,0.1,660
3,2017-09-24 17:00:00,0.2,240.6,0,0,60,1.3,0,0,258.1,257.9,0.5,0.5,385.2,0,37.4,41.9,0.1,0.1,763
3,2017-09-24 17:00:00,0.2,240.6,0,0,60,1.3,0,0,258.1,257.9,0.5,0.5,385.2,0,37.4,41.9,0.1,0.1,763
3,2017-09-24 17:00:00,0.2,240.6,0,0,60,1.3,0,0,258.1,257.9,0.5,0.5,385.2,0,37.4,41.9,0.1,0.1,763
4,2017-09-24 17:00:00,0.19,238.5,0,0,60,1.2,0,0,255.9,254.8,0.4,0.5,382.4,0,36.5,41,0.1,0.1,750
4,2017-09-24 17:00:00,0.19,238.5,0,0,60,1.2,0,0,255.9,254.8,0.4,0.5,382.4,0,36.5,41,0.1,0.1,750
4,2017-09-24 17:00:00,0.19,238.5,0,0,60,1.2,0,0,255.9,254.8,0.4,0.5,382.4,0,36.5,41,0.1,0.1,750
5,2017-09-24 17:00:00,0.18,234.7,0,0,60,1.1,0,0,255.2,256.7,0.4,0.5,376.8,0,37.5,41.9,0.1,0.1,749
5,2017-09-24 17:00:00,0.18,234.7,0,0,60,1.1,0,0,255.2,256.7,0.4,0.5,376.8,0,37.5,41.9,0.1,0.1,749
5,2017-09-24 17:00:00,0.18,234.7,0,0,60,1.1,0,0,255.2,256.7,0.4,0.5,376.8,0,37.5,41.9,0.1,0.1,749
6,2017-09-24 17:00:00,0.21,235,0,0,59.9,1.2,0,0,274.8,306.2,0.4,0.4,377.1,0,37.1,41.6,0.1,0.1,808
6,2017-09-24 17:00:00,0.21,235,0,0,59.9,1.2,0,0,274.8,306.2,0.4,0.4,377.1,0,37.1,41.6,0.1,0.1,808
6,2017-09-24 17:00:00,0.21,235,0,0,59.9,1.2,0,0,274.8,306.2,0.4,0.4,377.1,0,37.1,41.6,0.1,0.1,808
7,2017-09-24 17:00:00,0.16,232.6,0,0,60,1,0,0,224.9,224.9,0.4,0.4,374,0,37,41.5,0.1,0.1,672
7,2017-09-24 17:00:00,0.16,232.6,0,0,60,1,0,0,224.9,224.9,0.4,0.4,374,0,37,41.5,0.1,0.1,672
7,2017-09-24 17:00:00,0.16,232.6,0,0,60,1,0,0,224.9,224.9,0.4,0.4,374,0,37,41.5,0.1,0.1,672
8,2017-09-24 17:00:00,0.16,238.9,0,0,59.9,1.1,0,0,228.9,228.3,0.4,0.5,383,0,37.4,41.9,0.1,0.1,665
8,2017-09-24 17:00:00,0.16,238.9,0,0,59.9,1.1,0,0,228.9,228.3,0.4,0.5,383,0,37.4,41.9,0.1,0.1,665
8,2017-09-24 17:00:00,0.16,238.9,0,0,59.9,1.1,0,0,228.9,228.3,0.4,0.5,383,0,37.4,41.9,0.1,0.1,665
1,2017-09-25 05:00:00,0,231.6,0,0,59.9,0.1,0,0,284.6,284.8,0,0,283.6,0,28.6,32,0,0,750
2,2017-09-25 05:00:00,0,231,0,0,59.9,0,0,0,281.6,284,0,0,281.6,0,27.6,31,0,0,660
3,2017-09-25 05:00:00,0,239.1,0,0,59.9,0.5,0,0,263.9,265.8,0,0,327.4,0,28.8,32.2,0,0,763
4,2017-09-25 05:00:00,0,237.6,0,0,59.9,0.4,0,0,234.9,235.1,0,0,295.4,0,27.9,31.4,0,0,750
5,2017-09-25 05:00:00,0,234.7,0,0,59.9,0,0,0,237,237.8,0,0,249.2,0,28.7,32,0,0,749
6,2017-09-25 05:00:00,0,235,0,0,59.9,0,0,0,265,265.5,0,0,273.3,0,28.5,31,0,0,808
7,2017-09-25 05:00:00,0,232.4,0,0,59.9,0,0,0,252,252.6,0,0,251,0,27.6,31.2,0,0,672
8,2017-09-25 05:00:00,0,237.3,0,0,59.9,0,0,0,224,224.8,0,0,223,0,28.7,32,0,0,665
1,2017-09-25 06:00:00,0.28,231.7,0,0,60,1.4,0,0,269.8,269.2,0.6,0.7,365.1,0,30.3,34.5,0.2,0.2,750
2,2017-09-25 06:00:00,0.25,231.4,0,0,60,1.3,0,0,260.3,287.5,0.5,0.5,364.7,0,29.6,33.7,0.1,0.1,660
3,2017-09-25 06:00:00,0.28,239,0,0,60,1.5,0,0,266.1,270.1,0.6,0.6,379.4,0,30.6,34.9,0.2,0.2,763
4,2017-09-25 06:00:00,0.27,237.1,0,0,60,1.4,0,0,268.8,263.8,0.6,0.6,376.7,0,30,34.2,0.1,0.2,751
5,2017-09-25 06:00:00,0.28,234.1,0,0,60,1.4,0,0,261.7,262.9,0.6,0.6,363.2,0,30.4,34.6,0.2,0.2,749
6,2017-09-25 06:00:00,0.31,234.5,0,0,60,1.5,0,0,289.1,287.9,0.6,0.6,366.1,0,30.1,34.1,0.2,0.2,809
7,2017-09-25 06:00:00,0.25,232.4,0,0,60,1.3,0,0,238.5,237.3,0.6,0.6,363.4,0,29.9,34.2,0.1,0.1,672
8,2017-09-25 06:00:00,0.24,237.5,0,0,60,1.3,0,0,235.1,235.1,0.6,0.6,365,0,30.3,34.5,0.1,0.1,665
1,2017-09-25 07:00:00,1.3,233.8,0,0,60,5.6,0,0,269.5,269.3,2.6,2.6,375.5,0,36.5,41.3,0.7,0.7,751
2,2017-09-25 07:00:00,1.29,233.6,0,0,60,5.5,0,0,262.1,273.3,2.6,2.6,375.3,0,35.9,40.5,0.7,0.7,662
3,2017-09-25 07:00:00,1.33,240.8,0,0,60,5.5,0,0,269.9,270.9,2.5,2.7,385.4,0,36.8,41.5,0.7,0.7,764
4,2017-09-25 07:00:00,1.29,239,0,0,60,5.4,0,0,269.6,268.9,2.5,2.7,382.9,0,36,40.6,0.7,0.7,752
5,2017-09-25 07:00:00,1.3,235.8,0,0,60,5.5,0,0,268.5,269.7,2.5,2.7,378.5,0,36.4,41.1,0.7,0.7,750
6,2017-09-25 07:00:00,1.48,236.4,0,0,60,6.2,0,0,300.9,307.1,2.6,2.6,379.3,0,36.6,41.3,0.8,0.8,810
7,2017-09-25 07:00:00,1.17,234.9,0,0,59.9,5,0,0,239,238.8,2.6,2.6,377,0,36.6,41.3,0.6,0.6,674
8,2017-09-25 07:00:00,1.15,239.2,0,0,60,4.8,0,0,237.6,238.5,2.5,2.7,383.4,0,36.5,41.2,0.6,0.6,666
1,2017-09-25 08:00:00,2.4,235.4,0,0,59.9,10.2,0,0,262.4,262,4.8,4.9,377.6,0,44.3,49.9,1.3,1.3,754
2,2017-09-25 08:00:00,2.39,235.3,0,0,59.9,10.2,0,0,256.1,262.2,4.8,4.8,377.5,0,43.4,48.9,1.2,1.3,664
3,2017-09-25 08:00:00,2.44,241.9,0,0,59.9,10.1,0,0,261.3,263.8,4.7,5,387,0,44.3,49.9,1.2,1.3,767
4,2017-09-25 08:00:00,2.38,240.2,0,0,59.9,9.9,0,0,261.5,260,4.7,5,384.4,0,43.1,48.6,1.2,1.3,754
5,2017-09-25 08:00:00,2.38,236.8,0,0,59.9,10,0,0,261.3,261.5,4.7,5,379.8,0,43.5,49.1,1.2,1.3,753
6,2017-09-25 08:00:00,2.71,237.4,0,0,59.9,11.4,0,0,290.8,292.1,4.9,4.9,380.6,0,44.7,50.3,1.4,1.4,813
7,2017-09-25 08:00:00,2.14,236.4,0,0,59.9,9,0,0,231.8,232.1,4.9,4.8,379.1,0,47.5,53.5,1.1,1.1,676
8,2017-09-25 08:00:00,2.11,240.6,0,0,59.9,8.7,0,0,230.2,231.4,4.7,5.1,385.2,0,47.3,53.3,1.1,1.2,668
1,2017-09-25 09:00:00,1.48,232.8,0,0,59.9,6.3,0,0,259.7,261.7,3.1,3.1,374.2,0,44.8,50.4,0.8,0.8,755
2,2017-09-25 09:00:00,1.46,232.7,0,0,59.9,6.3,0,0,252.1,267.2,3,3,374,0,44.1,49.4,0.7,0.8,665
3,2017-09-25 09:00:00,1.5,240.1,0,0,59.9,6.2,0,0,261.1,263.2,3,3.2,384.5,0,45,50.6,0.8,0.8,768
4,2017-09-25 09:00:00,1.47,238.5,0,0,59.9,6.2,0,0,261.2,259.4,2.9,3.2,382,0,44.1,49.5,0.8,0.8,756
5,2017-09-25 09:00:00,1.47,235.1,0,0,59.9,6.2,0,0,262.1,261.4,2.9,3.2,377.3,0,44.5,49.8,0.8,0.8,754
6,2017-09-25 09:00:00,1.66,235.5,0,0,59.9,7.1,0,0,289.8,295.9,3,3,377.9,0,44.9,50.5,0.9,0.9,815
7,2017-09-25 09:00:00,1.32,233.8,0,0,59.9,5.6,0,0,232.2,232.8,3,3,375.6,0,46.7,52.3,0.7,0.7,677
8,2017-09-25 09:00:00,1.3,238.8,0,0,59.9,5.4,0,0,230.7,234.3,2.9,3.1,382.7,0,46.7,52.4,0.7,0.7,669
1,2017-09-25 10:00:00,1.15,231.8,0,0,59.9,5,0,0,265.5,266.4,2.3,2.4,372.8,0,40.6,46.2,0.6,0.6,756
2,2017-09-25 10:00:00,0.99,231.8,0,0,59.9,4.3,0,0,262.2,273.7,2,2,368.2,0,39.8,44.9,0.5,0.5,666
3,2017-09-25 10:00:00,1.18,238.8,0,0,59.9,4.9,0,0,266.4,267.5,2.3,2.4,382.8,0,41.1,46.7,0.6,0.6,770
4,2017-09-25 10:00:00,1.15,237.2,0,0,59.9,4.9,0,0,263.9,264.1,2.3,2.4,380.1,0,40.1,45.7,0.6,0.6,757
5,2017-09-25 10:00:00,1.16,234.1,0,0,59.9,5,0,0,265.4,266.9,2.2,2.5,375.9,0,40.7,46.2,0.6,0.7,755
6,2017-09-25 10:00:00,1.3,234.6,0,0,59.9,5.5,0,0,292.5,299.2,2.4,2.4,376.6,0,40.8,46.5,0.7,0.7,816
7,2017-09-25 10:00:00,1.04,232.9,0,0,59.9,4.5,0,0,235,234.8,2.3,2.4,374.3,0,40.6,46.1,0.5,0.5,678
8,2017-09-25 10:00:00,1.03,237.5,0,0,59.9,4.4,0,0,235.4,236,2.3,2.5,380.8,0,40.9,46.4,0.5,0.6,670
1,2017-09-25 11:00:00,2.84,231.1,0,0,59.9,12.2,0,0,256.1,255.6,5.8,5.9,371.9,0,47.5,53.6,1.5,1.5,759
2,2017-09-25 11:00:00,2.08,230.9,0,0,59.9,9,0,0,271.1,272.7,4.3,4.3,356,0,43.6,49.3,1.1,1.1,668
3,2017-09-25 11:00:00,2.9,238.6,0,0,59.9,12.1,0,0,258.8,256.9,5.7,6.1,382.4,0,48.2,54.3,1.5,1.6,773
4,2017-09-25 11:00:00,2.85,236.9,0,0,59.9,12,0,0,257.1,255.9,5.6,6,379.9,0,47.2,53,1.4,1.5,760
5,2017-09-25 11:00:00,2.84,233.1,0,0,59.9,12.1,0,0,255.7,258.3,5.7,6.1,374.6,0,47.8,53.9,1.4,1.6,758
6,2017-09-25 11:00:00,3.2,233.7,0,0,59.9,13.6,0,0,284.7,285.8,5.9,5.9,375.3,0,49.1,55.5,1.7,1.7,819
7,2017-09-25 11:00:00,2.55,232.2,0,0,59.9,10.9,0,0,227.8,227.2,5.8,5.9,373.5,0,47.2,53,1.3,1.3,681
8,2017-09-25 11:00:00,2.54,237.4,0,0,59.9,10.7,0,0,227.6,230.8,5.7,6.1,380.7,0,47,52.9,1.3,1.4,673
1,2017-09-25 12:00:00,3.33,232.8,0,0,59.9,14.2,0,0,250.4,253.3,6.9,6.9,374.2,0,53.7,60.1,1.7,1.7,763
2,2017-09-25 12:00:00,2.69,232.6,0,0,59.9,11.5,0,0,263.4,263.7,5.5,5.5,362,0,49.5,55.4,1.4,1.4,671
3,2017-09-25 12:00:00,3.4,240.8,0,0,59.9,14.1,0,0,254.1,252.6,6.6,7.2,385.6,0,54.4,60.9,1.7,1.8,776
4,2017-09-25 12:00:00,3.35,239.3,0,0,59.9,14,0,0,251.9,250.8,6.6,7.1,383.2,0,53,59.4,1.6,1.8,763
5,2017-09-25 12:00:00,3.33,234.8,0,0,59.9,14.2,0,0,252.3,253.1,6.7,7.2,376.8,0,53.6,60.1,1.7,1.8,762
6,2017-09-25 12:00:00,3.76,235.4,0,0,59.9,15.9,0,0,279.1,283.3,6.9,6.9,377.7,0,55.7,62.1,1.9,1.9,823
7,2017-09-25 12:00:00,2.98,234,0,0,59.9,12.7,0,0,223.8,224.2,6.8,6.9,375.9,0,51.9,58.4,1.5,1.5,684
8,2017-09-25 12:00:00,2.97,239.7,0,0,59.9,12.3,0,0,224.2,226.5,6.6,7.2,384,0,51.5,58,1.5,1.6,676
1,2017-09-25 13:00:00,3.12,232.4,0,0,59.9,13.4,0,0,253.7,256.8,6.4,6.4,373.7,0,53.2,59.6,1.6,1.6,766
2,2017-09-25 13:00:00,3.11,232.2,0,0,59.9,13.4,0,0,252.2,256,6.3,6.3,373.6,0,51.5,58,1.6,1.6,674
3,2017-09-25 13:00:00,3.16,240.1,0,0,59.9,13.1,0,0,254.2,257.3,6.2,6.6,384.6,0,54,60.5,1.6,1.7,779
4,2017-09-25 13:00:00,3.13,238.6,0,0,59.9,13.1,0,0,254.8,253.9,6.1,6.6,382.4,0,52.5,58.9,1.6,1.7,767
5,2017-09-25 13:00:00,3.11,234.4,0,0,59.9,13.2,0,0,257,256,6.2,6.6,376.4,0,52.7,59.1,1.6,1.7,765
6,2017-09-25 13:00:00,3.52,235,0,0,59.9,14.9,0,0,284.2,285.9,6.4,6.4,377.1,0,54.6,61,1.8,1.8,827
7,2017-09-25 13:00:00,2.8,233.6,0,0,59.9,12,0,0,227.2,229.1,6.4,6.4,375.2,0,50.9,57,1.4,1.4,687
8,2017-09-25 13:00:00,2.76,239,0,0,59.9,11.5,0,0,226.7,229.7,6.1,6.7,383.1,0,50.7,56.9,1.4,1.5,679
1,2017-09-25 14:00:00,2.56,231.9,0,0,59.9,11,0,0,260.4,261.6,5.2,5.2,373,0,49.9,56,1.3,1.4,768
2,2017-09-25 14:00:00,2.55,231.8,0,0,59.9,11,0,0,255.2,261.5,5.2,5.2,372.9,0,49,54.9,1.3,1.3,677
3,2017-09-25 14:00:00,2.59,239.6,0,0,59.9,10.8,0,0,260.9,262.1,5,5.4,383.8,0,50.1,56.3,1.3,1.4,782
4,2017-09-25 14:00:00,2.57,238,0,0,59.9,10.8,0,0,260.5,258.2,5,5.4,381.4,0,49.2,55.2,1.3,1.4,769
5,2017-09-25 14:00:00,2.55,234.4,0,0,59.9,10.8,0,0,260.9,259.8,5,5.4,376.5,0,49.3,55.4,1.3,1.4,767
6,2017-09-25 14:00:00,2.89,235,0,0,59.9,12.2,0,0,290.2,290.1,5.2,5.2,377.3,0,50.4,56.6,1.5,1.5,830
7,2017-09-25 14:00:00,2.3,233,0,0,59.9,9.8,0,0,230.4,231.2,5.2,5.2,374.6,0,48,53.4,1.2,1.2,689
8,2017-09-25 14:00:00,2.26,238.3,0,0,59.9,9.5,0,0,229.2,232.8,5,5.4,382.1,0,48,53.5,1.1,1.3,681
1,2017-09-25 15:00:00,1.03,230.7,0,0,59.9,4.5,0,0,263.2,265.5,2.1,2.2,371.3,0,43.3,48.5,0.6,0.6,769
2,2017-09-25 15:00:00,1.01,230.6,0,0,59.9,4.4,0,0,255.8,272.2,2,2,371.2,0,42.5,47.8,0.5,0.5,678
3,2017-09-25 15:00:00,1.04,238.7,0,0,59.9,4.4,0,0,264.2,265.9,2,2.2,382.7,0,43.8,49.1,0.5,0.6,783
4,2017-09-25 15:00:00,1.02,237.1,0,0,59.9,4.3,0,0,263.7,260.9,2,2.2,380.2,0,43,48.2,0.5,0.6,770
5,2017-09-25 15:00:00,1.01,234,0,0,59.9,4.4,0,0,263.1,262.7,2,2.2,375.8,0,43.3,48.7,0.5,0.6,768
6,2017-09-25 15:00:00,1.15,234.4,0,0,59.9,4.9,0,0,290.5,300.3,2.1,2.1,376.4,0,43.6,48.9,0.6,0.6,831
7,2017-09-25 15:00:00,0.91,231.7,0,0,59.9,4,0,0,233.7,234.2,2.1,2.1,372.8,0,42.2,47.5,0.5,0.5,690
8,2017-09-25 15:00:00,0.9,237.6,0,0,59.9,3.8,0,0,232.7,234.4,2,2.2,380.9,0,42.5,47.9,0.5,0.5,682
1,2017-09-25 16:00:00,0.2,231.2,0,0,59.9,1,0,0,258.4,259.6,0.5,0.6,372.1,0,36.9,41.3,0.1,0.1,769
2,2017-09-25 16:00:00,0.17,231.1,0,0,59.9,0.9,0,0,242.2,279.9,0.4,0.4,371.8,0,36.2,40.7,0.1,0.1,678
3,2017-09-25 16:00:00,0.21,239.6,0,0,59.9,1.1,0,0,259.4,260.1,0.5,0.5,383.8,0,37.4,42,0.1,0.1,783
4,2017-09-25 16:00:00,0.19,237.8,0,0,59.9,1,0,0,257.1,257.4,0.5,0.5,381.2,0,36.5,41,0.1,0.1,770
5,2017-09-25 16:00:00,0.19,234.8,0,0,59.9,1,0,0,257,259.2,0.5,0.5,376.9,0,37.2,41.8,0.1,0.1,768
6,2017-09-25 16:00:00,0.21,235.3,0,0,59.9,1,0,0,278.5,306.8,0.4,0.4,377.6,0,36.8,41.3,0.1,0.1,831
7,2017-09-25 16:00:00,0.17,232.2,0,0,59.9,0.9,0,0,228.6,227.1,0.4,0.5,373.3,0,36.4,40.9,0.1,0.1,690
8,2017-09-25 16:00:00,0.17,238.2,0,0,59.9,0.9,0,0,228.9,229.1,0.5,0.5,381.7,0,37.1,41.6,0.1,0.1,682
1,2017-09-25 17:00:00,0.05,230.3,0,0,60,0.8,0,0,247,250.9,0.2,0.2,370.8,0,34.2,38.7,0,0.1,769
1,2017-09-25 17:00:00,0.05,230.3,0,0,60,0.8,0,0,247,250.9,0.2,0.2,370.8,0,34.2,38.7,0,0.1,769
1,2017-09-25 17:00:00,0.05,230.3,0,0,60,0.8,0,0,247,250.9,0.2,0.2,370.8,0,34.2,38.7,0,0.1,769
1,2017-09-25 17:00:00,0.05,230.3,0,0,60,0.8,0,0,247,250.9,0.2,0.2,370.8,0,34.2,38.7,0,0.1,769
2,2017-09-25 17:00:00,0.03,230.2,0,0,60,0.9,0,0,244.4,273,0.1,0.1,370.6,0,33.7,38.2,0,0,678
2,2017-09-25 17:00:00,0.03,230.2,0,0,60,0.9,0,0,244.4,273,0.1,0.1,370.6,0,33.7,38.2,0,0,678
2,2017-09-25 17:00:00,0.03,230.2,0,0,60,0.9,0,0,244.4,273,0.1,0.1,370.6,0,33.7,38.2,0,0,678
2,2017-09-25 17:00:00,0.03,230.2,0,0,60,0.9,0,0,244.4,273,0.1,0.1,370.6,0,33.7,38.2,0,0,678
3,2017-09-25 17:00:00,0.05,239,0,0,60,1,0,0,244.2,248.5,0.1,0.2,383,0,35,39.5,0,0,783
3,2017-09-25 17:00:00,0.05,239,0,0,60,1,0,0,244.2,248.5,0.1,0.2,383,0,35,39.5,0,0,783
3,2017-09-25 17:00:00,0.05,239,0,0,60,1,0,0,244.2,248.5,0.1,0.2,383,0,35,39.5,0,0,783
3,2017-09-25 17:00:00,0.05,239,0,0,60,1,0,0,244.2,248.5,0.1,0.2,383,0,35,39.5,0,0,783
4,2017-09-25 17:00:00,0.04,237.3,0,0,60,0.9,0,0,235.3,242.3,0.1,0.2,380.4,0,34.1,38.6,0,0,770
4,2017-09-25 17:00:00,0.04,237.3,0,0,60,0.9,0,0,235.3,242.3,0.1,0.2,380.4,0,34.1,38.6,0,0,770
4,2017-09-25 17:00:00,0.04,237.3,0,0,60,0.9,0,0,235.3,242.3,0.1,0.2,380.4,0,34.1,38.6,0,0,770
4,2017-09-25 17:00:00,0.04,237.3,0,0,60,0.9,0,0,235.3,242.3,0.1,0.2,380.4,0,34.1,38.6,0,0,770
5,2017-09-25 17:00:00,0.05,233.8,0,0,60,0.9,0,0,235,248,0.1,0.2,375.7,0,34.8,39.3,0,0,768
5,2017-09-25 17:00:00,0.05,233.8,0,0,60,0.9,0,0,235,248,0.1,0.2,375.7,0,34.8,39.3,0,0,768
5,2017-09-25 17:00:00,0.05,233.8,0,0,60,0.9,0,0,235,248,0.1,0.2,375.7,0,34.8,39.3,0,0,768
5,2017-09-25 17:00:00,0.05,233.8,0,0,60,0.9,0,0,235,248,0.1,0.2,375.7,0,34.8,39.3,0,0,768
6,2017-09-25 17:00:00,0.05,234.3,0,0,60,0.8,0,0,269.6,302.8,0.1,0.1,376.2,0,34.3,38.8,0,0,831
6,2017-09-25 17:00:00,0.05,234.3,0,0,60,0.8,0,0,269.6,302.8,0.1,0.1,376.2,0,34.3,38.8,0,0,831
6,2017-09-25 17:00:00,0.05,234.3,0,0,60,0.8,0,0,269.6,302.8,0.1,0.1,376.2,0,34.3,38.8,0,0,831
6,2017-09-25 17:00:00,0.05,234.3,0,0,60,0.8,0,0,269.6,302.8,0.1,0.1,376.2,0,34.3,38.8,0,0,831
7,2017-09-25 17:00:00,0.03,231.2,0,0,60,0.8,0,0,205.6,210.4,0.1,0.1,372,0,34.1,38.6,0,0,690
7,2017-09-25 17:00:00,0.03,231.2,0,0,60,0.8,0,0,205.6,210.4,0.1,0.1,372,0,34.1,38.6,0,0,690
7,2017-09-25 17:00:00,0.03,231.2,0,0,60,0.8,0,0,205.6,210.4,0.1,0.1,372,0,34.1,38.6,0,0,690
7,2017-09-25 17:00:00,0.03,231.2,0,0,60,0.8,0,0,205.6,210.4,0.1,0.1,372,0,34.1,38.6,0,0,690
8,2017-09-25 17:00:00,0.04,237.6,0,0,60,0.9,0,0,211.8,213.2,0.1,0.2,380.8,0,34.7,39.2,0,0,682
8,2017-09-25 17:00:00,0.04,237.6,0,0,60,0.9,0,0,211.8,213.2,0.1,0.2,380.8,0,34.7,39.2,0,0,682
8,2017-09-25 17:00:00,0.04,237.6,0,0,60,0.9,0,0,211.8,213.2,0.1,0.2,380.8,0,34.7,39.2,0,0,682
8,2017-09-25 17:00:00,0.04,237.6,0,0,60,0.9,0,0,211.8,213.2,0.1,0.2,380.8,0,34.7,39.2,0,0,682
1,2017-09-26 05:00:00,0,234,0,0,59.9,0.1,0,0,281.8,282,0,0,280.8,0,27.6,31,0,0,769
2,2017-09-26 05:00:00,0,233.8,0,0,59.9,0,0,0,278.2,280.6,0,0,277,0,27.6,31,0,0,678
3,2017-09-26 05:00:00,0,241.8,0,0,59.9,0,0,0,283,283.4,0,0,281.8,0,28.6,32,0,0,783
4,2017-09-26 05:00:00,0,240,0,0,59.9,0,0,0,233.8,234.2,0,0,244.7,0,27.7,31,0,0,770
5,2017-09-26 05:00:00,0,236.5,0,0,59.9,0,0,0,234.7,230.5,0,0,248.8,0,28.5,31.8,0,0,768
6,2017-09-26 05:00:00,0,236.9,0,0,59.9,0.4,0,0,305.6,312.9,0,0,338.7,0,27.9,31.3,0,0,831
7,2017-09-26 05:00:00,0,235,0,0,59.9,0,0,0,208,208.2,0,0,216.3,0,27.3,30.3,0,0,690
8,2017-09-26 05:00:00,0,239.7,0,0,59.9,0,0,0,208,208.8,0,0,216.7,0,27.5,30.8,0,0,682
1,2017-09-26 06:00:00,0.27,234.2,0,0,60,1.4,0,0,267.9,268.1,0.6,0.7,376.1,0,29.9,34.1,0.2,0.2,770
2,2017-09-26 06:00:00,0.24,233.9,0,0,60,1.4,0,0,256.9,287.8,0.5,0.5,375.8,0,29.4,33.4,0.1,0.1,678
3,2017-09-26 06:00:00,0.28,241.9,0,0,60,1.5,0,0,266.5,269.6,0.6,0.7,387.1,0,30.2,34.5,0.2,0.2,783
4,2017-09-26 06:00:00,0.27,239.9,0,0,60,1.4,0,0,266.8,264.3,0.6,0.6,384.1,0,29.7,33.8,0.1,0.2,771
5,2017-09-26 06:00:00,0.27,236.7,0,0,60,1.4,0,0,263.9,265.1,0.6,0.6,379.5,0,30.1,34.4,0.2,0.2,769
6,2017-09-26 06:00:00,0.31,237,0,0,60,1.5,0,0,292.9,308.3,0.6,0.6,380,0,29.9,34.1,0.2,0.2,831
7,2017-09-26 06:00:00,0.24,235.1,0,0,60,1.3,0,0,238,236.7,0.6,0.6,377.2,0,29.7,33.9,0.1,0.1,690
8,2017-09-26 06:00:00,0.24,240.2,0,0,60,1.3,0,0,236.4,237.1,0.6,0.6,384.6,0,30,34.2,0.1,0.1,682
1,2017-09-26 07:00:00,0.94,234.1,0,0,59.9,4,0,0,269.2,270.7,1.9,1.9,376.1,0,34.8,39.5,0.5,0.5,771
2,2017-09-26 07:00:00,0.93,234,0,0,59.9,4,0,0,263.6,277,1.8,1.8,375.8,0,34.2,38.7,0.5,0.5,679
3,2017-09-26 07:00:00,0.97,240.9,0,0,59.9,4,0,0,270.2,271,1.9,2,385.6,0,35.3,39.8,0.5,0.5,784
4,2017-09-26 07:00:00,0.93,238.9,0,0,59.9,3.9,0,0,269.8,268.2,1.8,2,382.9,0,34.3,38.9,0.5,0.5,771
5,2017-09-26 07:00:00,0.93,236.1,0,0,59.9,4,0,0,269.1,270.1,1.8,2,378.8,0,34.9,39.5,0.5,0.5,770
6,2017-09-26 07:00:00,1.06,236.8,0,0,59.9,4.5,0,0,299.9,306.7,1.9,1.9,379.6,0,34.9,39.5,0.6,0.6,832
7,2017-09-26 07:00:00,0.84,235.2,0,0,59.9,3.6,0,0,238.3,239,1.9,1.9,377.5,0,34.8,39.3,0.4,0.4,691
8,2017-09-26 07:00:00,0.83,239.3,0,0,59.9,3.5,0,0,239.3,238.9,1.8,2,383.5,0,34.9,39.5,0.4,0.5,683
1,2017-09-26 08:00:00,1.37,235.3,0,0,59.9,5.9,0,0,263.9,264.3,2.8,2.8,377.5,0,39.9,45.1,0.7,0.7,772
2,2017-09-26 08:00:00,0.98,235.2,0,0,59.9,4.2,0,0,272.6,279.8,2,2,362.2,0,38.1,42.7,0.5,0.5,680
3,2017-09-26 08:00:00,1.4,241.8,0,0,60,5.8,0,0,265.7,267.4,2.7,2.9,386.7,0,40.1,45.4,0.7,0.8,786
4,2017-09-26 08:00:00,1.36,239.8,0,0,59.9,5.7,0,0,265.5,263.1,2.6,2.9,384,0,39.5,44.4,0.7,0.7,773
5,2017-09-26 08:00:00,1.36,237.4,0,0,59.9,5.7,0,0,265.3,265.2,2.7,2.9,380.6,0,39.9,45,0.7,0.8,771
6,2017-09-26 08:00:00,1.52,237.9,0,0,59.9,6.4,0,0,289.3,292.1,2.8,2.8,381.3,0,40.2,45.3,0.8,0.8,834
7,2017-09-26 08:00:00,1.22,236.4,0,0,59.9,5.2,0,0,234.4,235.2,2.8,2.8,379.2,0,41.3,46.7,0.6,0.6,692
8,2017-09-26 08:00:00,1.21,240.2,0,0,59.9,5.1,0,0,234.9,236.1,2.7,2.9,384.8,0,41.6,47,0.6,0.7,684
1,2017-09-26 09:00:00,0.9,234.1,0,0,60,3.9,0,0,264.8,265.2,1.9,1.9,375.9,0,39.6,44.9,0.5,0.5,773
2,2017-09-26 09:00:00,0.88,233.9,0,0,60,3.8,0,0,255.6,271.7,1.8,1.8,375.7,0,38.7,43.2,0.5,0.5,681
3,2017-09-26 09:00:00,0.91,240.7,0,0,60,3.8,0,0,265.5,265.6,1.8,1.9,385.4,0,39.7,45.2,0.5,0.5,787
4,2017-09-26 09:00:00,0.89,238.8,0,0,60,3.8,0,0,263.6,263.7,1.8,1.9,382.7,0,39.5,44.2,0.5,0.5,774
5,2017-09-26 09:00:00,0.89,236.6,0,0,60,3.8,0,0,264.8,265.5,1.8,1.9,379.4,0,39.6,44.9,0.5,0.5,772
6,2017-09-26 09:00:00,1.01,236.9,0,0,60,4.3,0,0,292.3,301.9,1.8,1.8,380,0,39.6,44.9,0.5,0.5,835
7,2017-09-26 09:00:00,0.8,235.1,0,0,60,3.5,0,0,234.3,235.3,1.8,1.8,377.2,0,39.6,44.9,0.4,0.4,693
8,2017-09-26 09:00:00,0.79,239.2,0,0,60,3.3,0,0,234.3,235.4,1.8,1.9,383.4,0,39.7,45.1,0.4,0.4,685
1,2017-09-26 10:00:00,1.68,230.4,0,0,59.9,7.3,0,0,263.7,262,3.4,3.5,370.9,0,41.7,47.1,0.9,0.9,775
2,2017-09-26 10:00:00,1.08,230.3,0,0,59.9,4.7,0,0,271.5,278,2.2,2.2,360.5,0,38.6,43.6,0.6,0.6,682
3,2017-09-26 10:00:00,1.72,237.5,0,0,59.9,7.2,0,0,264.2,264.1,3.4,3.6,380.9,0,42.1,47.4,0.9,0.9,788
4,2017-09-26 10:00:00,1.69,235.8,0,0,60,7.1,0,0,261.6,263.7,3.3,3.5,378.3,0,40.9,46.2,0.9,0.9,775
5,2017-09-26 10:00:00,1.68,233.1,0,0,59.9,7.2,0,0,262.7,264.5,3.3,3.6,374.5,0,41.7,47,0.9,0.9,774
6,2017-09-26 10:00:00,1.78,233.4,0,0,59.9,7.6,0,0,295,302.5,3.2,3.2,372.8,0,42,47.2,0.9,0.9,837
7,2017-09-26 10:00:00,1.51,231.4,0,0,59.9,6.5,0,0,232.5,231.5,3.4,3.5,372.2,0,41.4,46.7,0.8,0.8,694
8,2017-09-26 10:00:00,1.5,236.2,0,0,60,6.4,0,0,234.4,234.1,3.3,3.6,378.9,0,41.6,46.9,0.8,0.8,687
1,2017-09-26 11:00:00,2.23,229.7,0,0,60,9.7,0,0,259.3,258.8,4.6,4.6,369.8,0,46.5,52.2,1.2,1.2,777
2,2017-09-26 11:00:00,1.39,229.6,0,0,60,6,0,0,276.7,280.8,2.9,2.9,349.8,0,41.4,46.8,0.7,0.7,684
3,2017-09-26 11:00:00,2.27,237.5,0,0,60,9.5,0,0,260.1,260.2,4.4,4.7,380.7,0,46.9,52.7,1.1,1.2,791
4,2017-09-26 11:00:00,2.23,235.8,0,0,60,9.4,0,0,258.1,259.2,4.4,4.7,378.3,0,45.7,51.5,1.1,1.2,778
5,2017-09-26 11:00:00,2.21,232.2,0,0,60,9.5,0,0,256.9,258.5,4.4,4.8,373.4,0,46.7,52.4,1.1,1.2,776
6,2017-09-26 11:00:00,2.13,232.6,0,0,60,9.1,0,0,298.3,301.9,3.9,3.8,370.4,0,45.7,51.4,1.1,1.1,839
7,2017-09-26 11:00:00,1.97,230.7,0,0,59.9,8.5,0,0,228.8,230,4.5,4.5,371.2,0,45.9,51.5,1,1,697
8,2017-09-26 11:00:00,1.95,236.2,0,0,60,8.2,0,0,228.1,231.9,4.4,4.7,379,0,45.9,51.5,1,1.1,689
1,2017-09-26 12:00:00,1.91,228.8,0,0,60,8.3,0,0,263.7,263.6,3.9,3.9,368.5,0,45.4,50.9,1,1,779
2,2017-09-26 12:00:00,1.53,228.8,0,0,60,6.6,0,0,271.1,271.5,3.1,3.1,360.6,0,41.6,47,0.8,0.8,685
3,2017-09-26 12:00:00,1.95,236.7,0,0,60,8.2,0,0,266.4,263.5,3.7,4,379.7,0,45.9,51.4,1,1.1,793
4,2017-09-26 12:00:00,1.92,235,0,0,60,8.1,0,0,260.8,262.8,3.8,4,377.1,0,44.6,50.2,1,1,780
5,2017-09-26 12:00:00,1.91,231.1,0,0,60,8.2,0,0,262.1,265.1,3.7,4,371.9,0,45.5,51.1,1,1.1,778
6,2017-09-26 12:00:00,2.14,231.7,0,0,60,9.2,0,0,290.5,294.6,3.9,3.9,372.7,0,45.9,51.5,1.1,1.1,841
7,2017-09-26 12:00:00,1.71,229.6,0,0,60,7.4,0,0,231.8,233.2,3.9,3.9,369.8,0,45.2,50.7,0.9,0.9,698
8,2017-09-26 12:00:00,1.7,235.5,0,0,60,7.2,0,0,233.6,234.8,3.7,4,377.9,0,45.3,50.8,0.9,0.9,690
1,2017-09-26 13:00:00,3.29,230.2,0,0,60,14.3,0,0,253.7,252.4,6.8,6.9,370.6,0,50.9,57.4,1.7,1.7,782
2,2017-09-26 13:00:00,2.69,230.2,0,0,60,11.6,0,0,266,264.2,5.6,5.5,360.2,0,46.7,52.8,1.4,1.4,688
3,2017-09-26 13:00:00,3.35,238.7,0,0,60,14,0,0,256,255.2,6.6,7.1,382.5,0,51.4,57.9,1.7,1.8,796
4,2017-09-26 13:00:00,3.31,237.1,0,0,60,13.9,0,0,252.1,253.7,6.5,7,380.3,0,49.9,56.2,1.6,1.8,783
5,2017-09-26 13:00:00,3.29,233,0,0,60,14.1,0,0,250.9,253.8,6.6,7.2,374.5,0,50.9,57.2,1.7,1.8,781
6,2017-09-26 13:00:00,3.7,233.6,0,0,60,15.8,0,0,278.2,280.9,6.9,6.9,375.3,0,52.7,59.1,1.9,1.9,844
7,2017-09-26 13:00:00,2.96,231.4,0,0,60,12.7,0,0,221.7,224,6.9,6.9,372.3,0,49.8,56.2,1.5,1.5,701
8,2017-09-26 13:00:00,2.95,237.8,0,0,60,12.4,0,0,226.9,224.9,6.6,7.2,381.1,0,49.7,56,1.5,1.6,693
1,2017-09-26 14:00:00,2.5,229.3,0,0,60,10.9,0,0,260.8,262.8,5,5.1,369.3,0,49.2,54.8,1.3,1.3,785
2,2017-09-26 14:00:00,1.85,229.3,0,0,60,8,0,0,272.2,278,3.7,3.7,355.2,0,44.8,50.3,0.9,1,689
3,2017-09-26 14:00:00,2.52,237.9,0,0,60,10.6,0,0,261.1,263.9,4.9,5.2,381.4,0,49.3,55.1,1.3,1.4,798
4,2017-09-26 14:00:00,2.51,236.4,0,0,60,10.6,0,0,261.9,259.8,4.9,5.2,379,0,48.4,54,1.3,1.3,785
5,2017-09-26 14:00:00,2.48,232.7,0,0,60,10.6,0,0,260.9,261.7,4.8,5.2,373.9,0,48.6,54.2,1.3,1.4,783
6,2017-09-26 14:00:00,2.55,233.1,0,0,60,10.9,0,0,296.7,297.6,4.6,4.6,373.7,0,48.5,54.1,1.3,1.3,847
7,2017-09-26 14:00:00,2.22,230.3,0,0,60,9.6,0,0,232.4,232.2,5,5,370.9,0,46.9,52.5,1.2,1.2,703
8,2017-09-26 14:00:00,2.2,236.9,0,0,60,9.3,0,0,230.5,233.3,4.8,5.2,379.7,0,47,52.5,1.1,1.2,696
1,2017-09-26 15:00:00,1.95,229.9,0,0,59.9,8.5,0,0,265.6,267,3.9,3.9,370.1,0,45.7,51.1,1,1,787
2,2017-09-26 15:00:00,1.93,229.9,0,0,60,8.4,0,0,259,268,3.9,3.9,370.3,0,44.1,49.6,1,1,691
3,2017-09-26 15:00:00,1.97,238.4,0,0,60,8.2,0,0,265.3,267.1,3.8,4,382.2,0,45.7,51.1,1,1.1,800
4,2017-09-26 15:00:00,1.96,236.8,0,0,60,8.2,0,0,267,264.1,3.8,4,379.7,0,44.7,50.2,1,1.1,787
5,2017-09-26 15:00:00,1.93,233.3,0,0,59.9,8.2,0,0,265.9,265.1,3.7,4,374.9,0,44.7,50.2,1,1.1,785
6,2017-09-26 15:00:00,2.19,233.8,0,0,60,9.3,0,0,296.4,297.8,3.8,3.9,375.6,0,45.2,50.6,1.1,1.1,849
7,2017-09-26 15:00:00,1.74,231.1,0,0,60,7.5,0,0,236.8,236.3,3.9,3.9,371.7,0,43.1,48.5,0.9,0.9,705
8,2017-09-26 15:00:00,1.71,237.3,0,0,59.9,7.2,0,0,233.9,237.2,3.7,4,380.4,0,43.3,48.8,0.9,1,697
1,2017-09-26 16:00:00,0.89,231.2,0,0,60,3.9,0,0,267.6,268.8,1.8,1.9,372,0,39.9,45,0.5,0.5,787
2,2017-09-26 16:00:00,0.86,231.1,0,0,60,3.8,0,0,260,276.5,1.7,1.7,371.8,0,39.3,44.1,0.4,0.5,692
3,2017-09-26 16:00:00,0.89,239.9,0,0,60,3.7,0,0,268.2,269.2,1.7,1.9,384.2,0,40.2,45.3,0.5,0.5,801
4,2017-09-26 16:00:00,0.88,237.9,0,0,60,3.7,0,0,267.3,266.5,1.8,1.9,381.4,0,39.6,44.4,0.5,0.5,788
5,2017-09-26 16:00:00,0.87,235,0,0,60,3.7,0,0,266.8,268.5,1.7,1.9,377.3,0,39.7,44.9,0.5,0.5,786
6,2017-09-26 16:00:00,0.98,235.5,0,0,60,4.2,0,0,294.3,304.3,1.8,1.8,377.9,0,39.6,44.7,0.5,0.5,850
7,2017-09-26 16:00:00,0.78,232.2,0,0,60,3.4,0,0,236.4,236.6,1.8,1.8,373.4,0,38.5,43.1,0.4,0.4,706
8,2017-09-26 16:00:00,0.74,238.4,0,0,60,3.2,0,0,240.6,236.4,1.6,1.8,382.1,0,38.9,43.7,0.4,0.4,698
1,2017-09-26 17:00:00,0.15,231.2,0,0,60,1.1,0,0,252.7,256.7,0.4,0.4,371.9,0,35.6,40.1,0.1,0.1,788
2,2017-09-26 17:00:00,0.13,231,0,0,60,1.1,0,0,246.2,276.5,0.3,0.3,371.7,0,34.9,39.3,0.1,0.1,692
3,2017-09-26 17:00:00,0.15,240.4,0,0,60,1.2,0,0,253.8,255.1,0.4,0.4,385,0,36.1,40.5,0.1,0.1,801
4,2017-09-26 17:00:00,0.14,238.5,0,0,60,1.1,0,0,249.8,250.3,0.3,0.4,382.3,0,35.4,39.9,0.1,0.1,788
5,2017-09-26 17:00:00,0.14,234.8,0,0,60,1.1,0,0,247.4,254.4,0.3,0.4,376.9,0,35.9,40.4,0.1,0.1,786
6,2017-09-26 17:00:00,0.16,235.3,0,0,59.9,1.1,0,0,277.1,305,0.3,0.3,377.5,0,35.3,39.8,0.1,0.1,850
7,2017-09-26 17:00:00,0.12,232.1,0,0,60,1,0,0,216.8,216.7,0.3,0.3,373.2,0,34.9,39.3,0.1,0.1,706
8,2017-09-26 17:00:00,0.12,238.8,0,0,60,1.1,0,0,223.7,227.1,0.3,0.3,382.8,0,35.3,39.7,0.1,0.1,698
1,2017-09-27 05:00:00,0,234,0,0,60,0.1,0,0,211,211.2,0,0,224.5,0,27,30.5,0,0,788
2,2017-09-27 05:00:00,0,233.2,0,0,60,0,0,0,208.2,210,0,0,220,0,26.5,29.8,0,0,692
3,2017-09-27 05:00:00,0,241.5,0,0,59.9,0.2,0,0,249.5,247.3,0,0,270.7,0,27.5,31.2,0,0,801
4,2017-09-27 05:00:00,0,239.3,0,0,59.9,0.1,0,0,253.5,251.8,0,0,274.2,0,27.5,31,0,0,788
5,2017-09-27 05:00:00,0,236.4,0,0,59.9,0,0,0,185,185.6,0,0,195.6,0,27.6,31,0,0,786
6,2017-09-27 05:00:00,0,237,0,0,60,0,0,0,235.5,236.2,0,0,249.2,0,26.8,30.8,0,0,850
7,2017-09-27 05:00:00,0,234.6,0,0,59.9,0,0,0,164.6,165.2,0,0,175.2,0,27,30.8,0,0,706
8,2017-09-27 05:00:00,0,239.4,0,0,59.9,0,0,0,165.4,166,0,0,176.4,0,27,31,0,0,698
1,2017-09-27 06:00:00,0.27,233.2,0,0,59.9,1.4,0,0,265.3,265.4,0.6,0.7,372.9,0,29.7,33.7,0.2,0.2,788
2,2017-09-27 06:00:00,0.25,233,0,0,60,1.4,0,0,257.7,284.9,0.5,0.5,372.3,0,29.2,33.1,0.1,0.1,693
3,2017-09-27 06:00:00,0.28,241.1,0,0,59.9,1.5,0,0,265.8,265,0.6,0.6,386,0,30.1,34.3,0.2,0.2,802
4,2017-09-27 06:00:00,0.27,239.2,0,0,59.9,1.5,0,0,263.6,262.1,0.6,0.6,383.2,0,29.6,33.6,0.1,0.2,789
5,2017-09-27 06:00:00,0.26,235.8,0,0,59.9,1.4,0,0,264.7,266.5,0.6,0.6,375,0,29.9,34.1,0.1,0.2,787
6,2017-09-27 06:00:00,0.3,236.4,0,0,59.9,1.5,0,0,290.5,312.3,0.6,0.6,378.1,0,29.6,33.7,0.2,0.2,851
7,2017-09-27 06:00:00,0.23,234,0,0,59.9,1.3,0,0,234.9,234.9,0.6,0.6,373.7,0,29.5,33.5,0.1,0.1,706
8,2017-09-27 06:00:00,0.23,239.4,0,0,59.9,1.3,0,0,235,235.5,0.6,0.6,381.3,0,29.7,33.9,0.1,0.1,698
1,2017-09-27 07:00:00,1.09,232.8,0,0,59.9,4.7,0,0,270.1,270.3,2.2,2.2,374.5,0,35.4,39.9,0.6,0.6,789
2,2017-09-27 07:00:00,1.08,232.8,0,0,59.9,4.6,0,0,263.8,275.4,2.1,2.1,374.2,0,34.5,39.1,0.6,0.6,694
3,2017-09-27 07:00:00,1.11,240.3,0,0,59.9,4.6,0,0,270.8,271.6,2.1,2.3,384.7,0,35.5,40.1,0.6,0.6,803
4,2017-09-27 07:00:00,1.08,238.4,0,0,59.9,4.5,0,0,268.6,267.9,2.1,2.3,382,0,34.7,39.2,0.6,0.6,790
5,2017-09-27 07:00:00,1.08,235.5,0,0,59.9,4.6,0,0,269.7,269.9,2.1,2.3,377.6,0,35.4,39.9,0.6,0.6,788
6,2017-09-27 07:00:00,1.23,236,0,0,59.9,5.2,0,0,298.9,306.1,2.2,2.2,378.5,0,35.5,40.1,0.6,0.7,852
7,2017-09-27 07:00:00,0.97,233.9,0,0,59.9,4.2,0,0,239.2,238.8,2.1,2.2,375.8,0,35.4,40,0.5,0.5,707
8,2017-09-27 07:00:00,0.95,238.6,0,0,59.9,4,0,0,238.1,238.3,2.1,2.3,382.5,0,35.5,40,0.5,0.5,699
1,2017-09-27 08:00:00,1.61,233,0,0,59.9,6.9,0,0,267.8,267.8,3.2,3.3,374.6,0,39.7,44.9,0.9,0.9,791
1,2017-09-27 08:00:00,1.61,233,0,0,59.9,6.9,0,0,267.8,267.8,3.2,3.3,374.6,0,39.7,44.9,0.9,0.9,791
2,2017-09-27 08:00:00,1.18,232.9,0,0,59.9,5.1,0,0,273.9,281.4,2.4,2.4,360.5,0,37.7,42.4,0.6,0.6,695
2,2017-09-27 08:00:00,1.18,232.9,0,0,59.9,5.1,0,0,273.9,281.4,2.4,2.4,360.5,0,37.7,42.4,0.6,0.6,695
3,2017-09-27 08:00:00,1.64,240.2,0,0,59.9,6.8,0,0,267,267.8,3.1,3.4,384.6,0,39.8,45.1,0.8,0.9,804
3,2017-09-27 08:00:00,1.64,240.2,0,0,59.9,6.8,0,0,267,267.8,3.1,3.4,384.6,0,39.8,45.1,0.8,0.9,804
4,2017-09-27 08:00:00,1.6,238.3,0,0,59.9,6.7,0,0,265.2,263.4,3.1,3.4,382,0,39.2,44,0.8,0.9,791
4,2017-09-27 08:00:00,1.6,238.3,0,0,59.9,6.7,0,0,265.2,263.4,3.1,3.4,382,0,39.2,44,0.8,0.9,791
5,2017-09-27 08:00:00,1.6,235.4,0,0,59.9,6.8,0,0,265.9,266.8,3.1,3.3,377.8,0,39.5,44.6,0.8,0.9,789
5,2017-09-27 08:00:00,1.6,235.4,0,0,59.9,6.8,0,0,265.9,266.8,3.1,3.3,377.8,0,39.5,44.6,0.8,0.9,789
6,2017-09-27 08:00:00,1.79,236,0,0,60,7.6,0,0,294.3,292.6,3.2,3.2,378.5,0,39.9,45.1,0.9,0.9,854
6,2017-09-27 08:00:00,1.79,236,0,0,60,7.6,0,0,294.3,292.6,3.2,3.2,378.5,0,39.9,45.1,0.9,0.9,854
7,2017-09-27 08:00:00,1.44,234.1,0,0,59.9,6.1,0,0,236.1,235.6,3.2,3.2,375.8,0,40.2,45.6,0.7,0.8,709
7,2017-09-27 08:00:00,1.44,234.1,0,0,59.9,6.1,0,0,236.1,235.6,3.2,3.2,375.8,0,40.2,45.6,0.7,0.8,709
8,2017-09-27 08:00:00,1.41,238.9,0,0,59.9,5.9,0,0,234.6,236.4,3.1,3.3,382.8,0,40.4,45.8,0.7,0.8,701
8,2017-09-27 08:00:00,1.41,238.9,0,0,59.9,5.9,0,0,234.6,236.4,3.1,3.3,382.8,0,40.4,45.8,0.7,0.8,701
1,2017-09-27 09:00:00,2.83,233.4,0,0,60,12.1,0,0,257.9,258.2,5.8,5.8,375,0,48.1,54,1.5,1.5,793
2,2017-09-27 09:00:00,1.94,233.1,0,0,60,8.3,0,0,273.5,275,4,4,356.5,0,43.7,48.9,1,1,697
3,2017-09-27 09:00:00,2.87,241.4,0,0,60,11.9,0,0,258.5,259.3,5.6,6,386.4,0,48.1,53.9,1.4,1.5,807
4,2017-09-27 09:00:00,2.83,239.8,0,0,60,11.8,0,0,258,255.7,5.6,6,384.1,0,46.6,52.3,1.4,1.5,794
5,2017-09-27 09:00:00,2.82,235.7,0,0,59.9,11.9,0,0,258.3,256.8,5.6,6,378.3,0,47,52.7,1.4,1.5,792
6,2017-09-27 09:00:00,2.82,236.3,0,0,60,11.9,0,0,294.9,291.4,5.2,5.2,377.7,0,46.6,52.4,1.5,1.5,856
7,2017-09-27 09:00:00,2.53,234.6,0,0,60,10.8,0,0,228.7,229.9,5.8,5.8,376.6,0,48.9,54.8,1.3,1.3,711
8,2017-09-27 09:00:00,2.49,240.3,0,0,60,10.3,0,0,226.6,229.2,5.6,6,384.8,0,49,54.9,1.3,1.4,703
1,2017-09-27 10:00:00,2.92,233.3,0,0,59.9,12.5,0,0,252,256.6,6,6.1,374.9,0,51.1,57.4,1.5,1.5,796
2,2017-09-27 10:00:00,1.77,233.1,0,0,59.9,7.5,0,0,276.2,279.8,3.7,3.7,350.6,0,45.2,50.5,0.9,0.9,699
3,2017-09-27 10:00:00,2.98,241.4,0,0,59.9,12.3,0,0,254.4,257.1,5.8,6.3,386.2,0,51,57.2,1.5,1.6,810
4,2017-09-27 10:00:00,2.94,239.6,0,0,59.9,12.2,0,0,255.4,254.1,5.8,6.2,383.8,0,49.5,55.8,1.5,1.6,797
5,2017-09-27 10:00:00,2.96,235.7,0,0,59.9,12.5,0,0,257,253.9,5.9,6.4,378.1,0,49.5,55.7,1.5,1.6,795
6,2017-09-27 10:00:00,2.53,236,0,0,59.9,10.7,0,0,297.6,293.8,4.8,4.8,374.2,0,48.5,54.2,1.3,1.3,859
7,2017-09-27 10:00:00,2.65,234.5,0,0,59.9,11.3,0,0,226.9,228.1,6.1,6.1,376.6,0,49,55,1.4,1.4,714
8,2017-09-27 10:00:00,2.61,240.1,0,0,59.9,10.8,0,0,225,228.9,5.9,6.4,384.7,0,49.1,55.1,1.3,1.4,706
1,2017-09-27 11:00:00,3.76,234.2,0,0,59.9,16,0,0,249.9,253.4,7.7,7.8,376,0,54.1,60.8,1.9,2,800
2,2017-09-27 11:00:00,3.6,234.1,0,0,59.9,15.3,0,0,250.7,256,7.4,7.4,374.1,0,49.3,55.9,1.8,1.9,702
3,2017-09-27 11:00:00,3.81,242,0,0,59.9,15.7,0,0,250.9,253.9,7.5,8.1,387,0,54.1,60.6,1.9,2.1,814
4,2017-09-27 11:00:00,3.77,240.2,0,0,60,15.7,0,0,253.1,250.8,7.4,7.9,384.6,0,52.4,59.1,1.9,2,801
5,2017-09-27 11:00:00,3.76,236,0,0,59.9,15.9,0,0,254.8,251.9,7.6,8.1,378.5,0,52.3,58.9,1.9,2,799
6,2017-09-27 11:00:00,4,236.6,0,0,59.9,16.8,0,0,287.2,285.9,7.3,7.3,378.9,0,52,59,2.1,2.1,863
7,2017-09-27 11:00:00,3.41,235.5,0,0,59.9,14.4,0,0,225,226.1,7.7,7.8,377.8,0,50.5,57,1.7,1.8,717
8,2017-09-27 11:00:00,3.35,240.8,0,0,59.9,13.9,0,0,221.7,228.3,7.5,8.1,385.4,0,50.3,56.6,1.7,1.8,709
1,2017-09-27 12:00:00,3.72,234.4,0,0,59.9,15.8,0,0,251.1,254.4,7.6,7.7,376.5,0,55.1,61.5,1.9,2,804
2,2017-09-27 12:00:00,3.73,234.4,0,0,59.9,15.9,0,0,248.9,252.9,7.6,7.5,376.4,0,53.5,59.9,1.9,1.9,706
3,2017-09-27 12:00:00,3.78,242.9,0,0,59.9,15.5,0,0,252.3,254.3,7.4,8,388.3,0,55.1,61.6,1.9,2,818
4,2017-09-27 12:00:00,3.75,241.1,0,0,59.9,15.5,0,0,252.5,250.6,7.3,7.9,385.9,0,53.8,60.2,1.8,2,804
5,2017-09-27 12:00:00,3.73,236.5,0,0,59.9,15.7,0,0,254.9,251,7.5,8.1,379.3,0,53.8,60.2,1.9,2,802
6,2017-09-27 12:00:00,4.22,237.1,0,0,59.9,17.8,0,0,281.1,282.4,7.7,7.7,380.3,0,55.9,62.4,2.2,2.2,867
7,2017-09-27 12:00:00,3.37,235.8,0,0,59.9,14.3,0,0,225.1,227.2,7.6,7.7,378.2,0,51.6,58,1.7,1.7,720
8,2017-09-27 12:00:00,3.32,241.9,0,0,59.9,13.7,0,0,224.5,228.9,7.4,8,387,0,51.1,57.5,1.6,1.8,712
1,2017-09-27 13:00:00,3.33,232.2,0,0,59.9,14.3,0,0,255.2,258.9,6.8,6.8,373.5,0,52.6,59.1,1.7,1.8,807
2,2017-09-27 13:00:00,3.33,232.2,0,0,59.9,14.3,0,0,252.9,256.6,6.7,6.7,373.4,0,51.4,57.9,1.7,1.7,709
3,2017-09-27 13:00:00,3.37,240.7,0,0,59.9,14,0,0,255.6,259.7,6.6,7,385.4,0,52.8,59.2,1.7,1.8,821
4,2017-09-27 13:00:00,3.35,239,0,0,59.9,14,0,0,257,255,6.5,7,382.9,0,51.4,57.9,1.7,1.8,808
5,2017-09-27 13:00:00,3.33,234.9,0,0,59.9,14.1,0,0,258.7,256.3,6.6,7.1,377.1,0,51,57.5,1.7,1.8,806
6,2017-09-27 13:00:00,3.76,235.5,0,0,59.9,15.9,0,0,286.3,286.1,6.8,6.8,377.7,0,53.1,59.6,1.9,1.9,871
7,2017-09-27 13:00:00,3.01,233.4,0,0,59.9,12.8,0,0,230.1,229.6,6.8,6.8,375.1,0,49.3,55.1,1.6,1.6,723
8,2017-09-27 13:00:00,2.95,239.4,0,0,59.9,12.3,0,0,227,231,6.5,7.1,383.7,0,49.2,54.9,1.5,1.6,715
1,2017-09-27 14:00:00,2.76,232,0,0,59.9,11.9,0,0,260.2,261.6,5.6,5.6,373.1,0,49.6,55.6,1.4,1.5,810
2,2017-09-27 14:00:00,2.75,232,0,0,59.9,11.8,0,0,255.7,262,5.5,5.5,373.1,0,48.8,54.6,1.4,1.4,712
3,2017-09-27 14:00:00,2.79,241.1,0,0,59.9,11.5,0,0,260.5,263.3,5.4,5.7,385.9,0,49.6,55.6,1.4,1.5,824
4,2017-09-27 14:00:00,2.77,239.2,0,0,59.9,11.5,0,0,260.6,258.8,5.4,5.8,383.3,0,48.9,54.6,1.4,1.5,810
5,2017-09-27 14:00:00,2.75,235.2,0,0,59.9,11.6,0,0,262.2,260.7,5.3,5.7,377.4,0,48.6,54.4,1.4,1.5,808
6,2017-09-27 14:00:00,3.11,235.9,0,0,59.9,13.2,0,0,292,290.9,5.6,5.6,378.4,0,49.7,55.8,1.6,1.6,874
7,2017-09-27 14:00:00,2.48,233.1,0,0,59.9,10.6,0,0,232.1,232.1,5.6,5.6,374.6,0,46.8,52.3,1.3,1.3,726
8,2017-09-27 14:00:00,2.44,239.8,0,0,59.9,10.1,0,0,230.4,234.2,5.3,5.8,384,0,46.6,52.1,1.2,1.3,718
