2,2017-09-19 05:50:44,0,234,0,0,59.9,0,0,0,79,85,0,0,78,0,27,30,0,0,534
2,2017-09-19 05:55:21,0,234,0,0,60,0,0,0,258,261,0,0,258,0,27,30,0,0,534
2,2017-09-19 05:56:28,0,233,0,0,59.9,0,0,0,275,278,0,0,274,0,26,30,0,0,534
2,2017-09-19 05:57:35,0,234,0,0,60,0,0,0,278,280,0,0,276,0,27,30,0,0,534
2,2017-09-19 05:58:41,0,233,0,0,59.8,0,0,0,280,282,0,0,279,0,26,30,0,0,534
2,2017-09-19 05:59:47,0,234,0,0,60.1,0,0,0,282,284,0,0,280,0,27,30,0,0,534
2,2017-09-19 06:00:53,0,234,0,0,59.9,1,0,0,260,287,0,0,376,0,26,30,0,0,534
2,2017-09-19 06:01:59,0,234,0,0,59.9,1,0,0,274,288,0,0,375,0,27,31,0,0,534
2,2017-09-19 06:03:06,0,233,0,0,60.1,1.1,0,0,289,290,0,0,375,0,28,31,0,0,534
2,2017-09-19 06:04:12,0,234,0,0,59.8,0.9,0,0,262,290,0,0,375,0,27,31,0,0,534
2,2017-09-19 06:05:18,0,234,0,0,60.1,0.7,0,0,234,286,0,0,376,0,28,31,0,0,534
2,2017-09-19 06:06:24,0,233,0,0,59.9,1.2,0,0,294,295,0,0,375,0,28,31,0,0,534
2,2017-09-19 06:07:30,0.03,234,0,0,59.8,0.8,0,0,242,286,0.1,0.1,376,0,27,31,0.02,0.02,534
2,2017-09-19 06:08:37,0,233,0,0,60,1.1,0,0,296,297,0,0,375,0,28,31,0,0,534
2,2017-09-19 06:09:43,0.01,234,0,0,60,0.7,0,0,230,285,0.1,0.1,376,0,28,32,0.02,0.02,534
2,2017-09-19 06:10:49,0.04,234,0,0,59.9,0.7,0,0,237,286,0.1,0.1,376,0,29,32,0.02,0.02,534
2,2017-09-19 06:11:55,0,234,0,0,60,1,0,0,297,298,0,0,376,0,28,32,0,0,534
2,2017-09-19 06:13:01,0.03,233,0,0,59.9,0.7,0,0,225,284,0.1,0.1,375,0,29,32,0.02,0.02,534
2,2017-09-19 06:14:08,0.05,234,0,0,59.9,0.7,0,0,233,284,0.2,0.2,376,0,28,32,0.04,0.05,534
2,2017-09-19 06:15:14,0,234,0,0,60,1.1,0,0,300,301,0,0,375,0,29,32,0,0,534
2,2017-09-19 06:16:20,0.08,233,0,0,60,0.7,0,0,247,285,0.2,0.2,375,0,28,32,0.04,0.05,534
2,2017-09-19 06:17:26,0.09,233,0,0,60,0.7,0,0,241,285,0.2,0.2,375,0,29,32,0.06,0.07,534
2,2017-09-19 06:18:32,0.09,234,0,0,60,0.7,0,0,235,285,0.2,0.2,375,0,29,32,0.04,0.05,534
2,2017-09-19 06:19:39,0.08,234,0,0,60,0.6,0,0,257,286,0.3,0.3,375,0,28,32,0.07,0.08,534
2,2017-09-19 06:20:45,0.14,233,0,0,59.9,0.8,0,0,264,287,0.3,0.3,375,0,29,32,0.07,0.08,534
2,2017-09-19 06:21:52,0.18,234,0,0,60,0.9,0,0,243,284,0.4,0.4,376,0,28,32,0.09,0.11,534
2,2017-09-19 06:22:58,0.23,233,0,0,59.8,1.1,0,0,257,285,0.5,0.5,375,0,29,33,0.12,0.14,534
2,2017-09-19 06:24:04,0.26,234,0,0,60,1.2,0,0,244,281,0.5,0.5,375,0,30,33,0.12,0.14,534
2,2017-09-19 06:25:12,0.31,235,0,0,59.9,1.4,0,0,258,283,0.6,0.6,376,0,29,33,0.15,0.16,534
2,2017-09-19 06:26:18,0.3,234,0,0,59.9,1.4,0,0,245,282,0.6,0.6,375,0,30,33,0.14,0.16,534
2,2017-09-19 06:27:24,0.31,233,0,0,60,1.4,0,0,254,283,0.7,0.6,375,0,29,33,0.17,0.16,534
2,2017-09-19 06:28:30,0.33,234,0,0,59.9,1.5,0,0,262,285,0.7,0.7,375,0,30,33,0.18,0.19,534
2,2017-09-19 06:29:36,0.35,233,0,0,59.9,1.6,0,0,262,285,0.7,0.7,375,0,29,33,0.18,0.19,534
2,2017-09-19 06:30:43,0.36,233,0,0,59.8,1.6,0,0,260,278,0.7,0.7,375,0,29,33,0.18,0.19,534
2,2017-09-19 06:31:49,0.37,233,0,0,60,1.7,0,0,260,283,0.8,0.8,376,0,30,33,0.2,0.22,534
2,2017-09-19 06:32:55,0.4,233,0,0,59.9,1.8,0,0,257,283,0.8,0.8,375,0,29,33,0.2,0.22,534
2,2017-09-19 06:34:01,0.41,233,0,0,59.9,1.9,0,0,257,281,0.8,0.8,375,0,30,34,0.2,0.22,534
2,2017-09-19 06:35:07,0.41,234,0,0,59.9,1.9,0,0,247,281,0.9,0.9,375,0,29,34,0.22,0.25,534
2,2017-09-19 06:36:14,0.45,234,0,0,60,2.1,0,0,255,281,0.9,0.9,375,0,30,34,0.22,0.25,534
2,2017-09-19 06:37:20,0.4,234,0,0,60,1.8,0,0,258,282,0.8,0.8,376,0,29,34,0.22,0.24,534
2,2017-09-19 06:38:26,0.41,234,0,0,59.9,1.9,0,0,251,280,0.9,0.9,376,0,30,34,0.22,0.25,534
2,2017-09-19 06:39:32,0.54,234,0,0,60,2.4,0,0,264,282,1.1,1.1,376,0,29,34,0.28,0.3,534
2,2017-09-19 06:40:38,0.57,234,0,0,59.8,2.6,0,0,266,283,1.1,1.1,375,0,30,34,0.29,0.31,534
2,2017-09-19 06:41:45,0.62,234,0,0,59.8,2.7,0,0,262,281,1.2,1.2,376,0,30,35,0.31,0.33,535
2,2017-09-19 06:42:51,0.64,234,0,0,59.9,2.8,0,0,257,279,1.3,1.3,375,0,31,35,0.33,0.36,535
2,2017-09-19 06:43:57,0.65,234,0,0,59.9,2.9,0,0,258,279,1.3,1.3,376,0,30,35,0.33,0.36,535
2,2017-09-19 06:45:03,0.65,234,0,0,59.9,2.9,0,0,256,278,1.3,1.3,376,0,31,35,0.33,0.36,535
2,2017-09-19 06:46:09,0.52,234,0,0,59.9,2.3,0,0,257,279,1.1,1.1,376,0,30,35,0.28,0.3,535
2,2017-09-19 06:47:15,0.53,234,0,0,59.8,2.4,0,0,265,282,1.1,1.1,376,0,31,35,0.29,0.3,535
2,2017-09-19 06:48:22,0.62,234,0,0,60,2.7,0,0,254,277,1.3,1.3,376,0,30,35,0.32,0.35,535
2,2017-09-19 06:49:28,0.72,235,0,0,59.9,3.1,0,0,253,275,1.5,1.5,377,0,31,35,0.37,0.41,535
2,2017-09-19 06:50:34,0.91,234,0,0,59.9,3.9,0,0,267,281,1.8,1.8,375,0,30,35,0.47,0.5,535
2,2017-09-19 06:51:41,0.92,234,0,0,60,4,0,0,265,280,1.8,1.8,376,0,31,35,0.47,0.5,535
2,2017-09-19 06:52:47,0.93,235,0,0,59.9,4,0,0,264,279,1.8,1.8,376,0,30,36,0.47,0.5,535
2,2017-09-19 06:53:53,0.92,234,0,0,59.9,4,0,0,264,279,1.9,1.9,376,0,32,36,0.5,0.52,535
2,2017-09-19 06:55:01,0.75,234,0,0,60,3.3,0,0,257,280,1.5,1.5,376,0,31,36,0.38,0.41,535
2,2017-09-19 06:56:07,0.64,234,0,0,59.9,2.8,0,0,260,279,1.3,1.3,376,0,32,36,0.33,0.36,535
2,2017-09-19 06:57:13,0.59,234,0,0,60,2.6,0,0,259,280,1.2,1.2,376,0,31,36,0.31,0.33,535
2,2017-09-19 06:58:19,0.55,234,0,0,60,2.5,0,0,255,278,1.1,1.1,376,0,32,36,0.27,0.3,535
2,2017-09-19 06:59:25,0.54,234,0,0,60.1,2.4,0,0,257,278,1.1,1.1,375,0,31,36,0.28,0.3,535
2,2017-09-19 07:00:32,0.54,234,0,0,60,2.4,0,0,258,279,1.1,1.1,376,0,32,36,0.28,0.3,535
2,2017-09-19 07:01:38,0.56,234,0,0,59.9,2.5,0,0,258,279,1.1,1.1,376,0,31,36,0.28,0.3,535
2,2017-09-19 07:02:44,0.59,234,0,0,59.9,2.6,0,0,264,282,1.1,1.1,377,0,32,36,0.28,0.3,535
2,2017-09-19 07:03:50,0.62,234,0,0,60,2.7,0,0,253,278,1.2,1.2,376,0,31,36,0.3,0.33,535
2,2017-09-19 07:04:57,0.62,234,0,0,60,2.8,0,0,260,279,1.2,1.2,375,0,31,36,0.31,0.33,535
2,2017-09-19 07:06:03,0.85,234,0,0,60,3.7,0,0,259,274,1.8,1.8,376,0,32,36,0.46,0.49,535
2,2017-09-19 07:07:09,1.2,235,0,0,59.9,5.1,0,0,260,276,2.4,2.4,377,0,31,37,0.62,0.66,535
2,2017-09-19 07:08:15,1.29,234,0,0,60,5.5,0,0,272,279,2.4,2.4,376,0,32,37,0.65,0.66,535
2,2017-09-19 07:09:21,1.33,235,0,0,60,5.7,0,0,264,276,2.6,2.6,376,0,33,37,0.68,0.71,535
2,2017-09-19 07:10:28,1.34,235,0,0,60,5.7,0,0,255,273,2.7,2.7,377,0,32,37,0.68,0.73,535
2,2017-09-19 07:11:34,1.25,234,0,0,59.9,5.4,0,0,262,273,2.5,2.5,376,0,33,38,0.65,0.68,535
2,2017-09-19 07:12:40,1.31,234,0,0,60,5.6,0,0,269,274,2.6,2.6,376,0,34,38,0.69,0.71,535
2,2017-09-19 07:13:46,1.49,235,0,0,60.1,6.3,0,0,274,282,2.9,2.9,377,0,33,38,0.79,0.81,535
2,2017-09-19 07:14:52,1.5,234,0,0,60,6.4,0,0,268,278,2.9,2.9,376,0,34,38,0.77,0.8,535
2,2017-09-19 07:15:59,1.47,234,0,0,59.9,6.3,0,0,271,279,2.9,2.9,376,0,33,38,0.78,0.8,535
2,2017-09-19 07:17:05,1.53,235,0,0,59.9,6.5,0,0,267,277,2.9,2.9,377,0,33,38,0.77,0.8,535
2,2017-09-19 07:18:11,1.49,235,0,0,60,6.3,0,0,265,275,2.9,2.9,377,0,34,39,0.76,0.79,535
2,2017-09-19 07:19:17,1.48,235,0,0,60,6.3,0,0,263,274,2.9,2.9,376,0,35,39,0.76,0.79,535
2,2017-09-19 07:20:23,1.42,234,0,0,59.9,6.1,0,0,274,281,2.7,2.7,376,0,34,39,0.73,0.75,535
2,2017-09-19 07:21:30,1.43,235,0,0,60,6.1,0,0,262,271,2.8,2.8,376,0,35,39,0.73,0.75,535
2,2017-09-19 07:22:36,1.4,235,0,0,60,6,0,0,267,276,2.7,2.7,377,0,34,39,0.71,0.74,535
2,2017-09-19 07:23:42,1.32,234,0,0,60.1,5.6,0,0,258,271,2.7,2.7,376,0,35,39,0.69,0.73,535
2,2017-09-19 07:24:49,1.32,234,0,0,60,5.6,0,0,264,275,2.6,2.6,377,0,34,39,0.68,0.71,535
2,2017-09-19 07:25:56,1.29,235,0,0,59.9,5.5,0,0,261,273,2.6,2.6,377,0,35,39,0.67,0.7,535
2,2017-09-19 07:27:02,1.3,235,0,0,60,5.6,0,0,254,269,2.7,2.7,377,0,34,39,0.68,0.72,535
2,2017-09-19 07:28:08,1.32,234,0,0,60,5.6,0,0,258,271,2.7,2.7,376,0,34,39,0.69,0.73,535
2,2017-09-19 07:29:15,1.41,235,0,0,59.9,6,0,0,261,272,2.8,2.8,377,0,35,40,0.72,0.76,535
2,2017-09-19 07:30:21,1.48,235,0,0,59.9,6.3,0,0,258,271,3,3,377,0,36,40,0.77,0.81,535
2,2017-09-19 07:31:27,1.56,235,0,0,60,6.6,0,0,260,271,3.1,3.1,377,0,35,40,0.8,0.83,535
2,2017-09-19 07:32:33,1.67,235,0,0,60,7.1,0,0,266,275,3.3,3.3,377,0,36,40,0.87,0.9,535
2,2017-09-19 07:33:39,0.94,234,0,0,59.9,4,0,0,253,270,1.9,1.9,376,0,35,40,0.47,0.51,535
2,2017-09-19 07:34:46,1.35,234,0,0,60,5.8,0,0,267,277,2.7,2.6,375,0,36,40,0.71,0.71,535
2,2017-09-19 07:35:52,1.92,235,0,0,59.9,8.2,0,0,280,285,3.5,3.5,377,0,35,40,0.97,0.99,535
2,2017-09-19 07:36:58,2.06,235,0,0,59.9,8.7,0,0,259,265,4.1,4.1,377,0,36,41,1.05,1.08,535
2,2017-09-19 07:38:04,2.16,235,0,0,60,9.2,0,0,268,274,4.1,4.1,377,0,37,42,1.09,1.12,536
2,2017-09-19 07:39:10,2.12,235,0,0,59.9,9,0,0,260,268,4.3,4.3,377,0,38,42,1.11,1.15,536
2,2017-09-19 07:40:17,2.14,235,0,0,60,9.1,0,0,267,274,4.1,4.1,377,0,37,42,1.09,1.12,536
2,2017-09-19 07:41:23,1.77,234,0,0,60,7.6,0,0,259,266,3.5,3.5,376,0,38,42,0.9,0.92,536
2,2017-09-19 07:42:29,1.97,235,0,0,60.1,8.4,0,0,259,268,4,3.9,376,0,37,42,1.03,1.04,536
2,2017-09-19 07:43:35,1.78,234,0,0,59.9,7.6,0,0,266,277,3.5,3.5,375,0,38,42,0.92,0.96,536
2,2017-09-19 07:44:41,0.88,234,0,0,60,3.8,0,0,252,271,1.8,1.8,375,0,37,41,0.45,0.48,536
2,2017-09-19 07:45:48,0.83,232,0,0,59.9,3.6,0,0,251,271,1.7,1.7,374,0,37,41,0.42,0.45,536
2,2017-09-19 07:46:54,0.8,232,0,0,59.9,3.5,0,0,260,275,1.6,1.6,373,0,36,40,0.41,0.43,536
2,2017-09-19 07:48:00,0.81,235,0,0,60,3.5,0,0,257,274,1.6,1.6,377,0,35,40,0.41,0.43,536
2,2017-09-19 07:49:06,0.82,235,0,0,59.8,3.5,0,0,255,274,1.6,1.6,377,0,36,40,0.4,0.43,536
2,2017-09-19 07:50:12,0.82,235,0,0,60,3.5,0,0,250,272,1.7,1.7,377,0,35,40,0.42,0.46,536
2,2017-09-19 07:51:19,0.84,235,0,0,59.9,3.6,0,0,250,272,1.7,1.7,377,0,36,40,0.42,0.46,536
2,2017-09-19 07:52:25,0.84,234,0,0,60,3.6,0,0,258,275,1.7,1.7,377,0,35,40,0.43,0.46,536
2,2017-09-19 07:53:31,0.87,235,0,0,60,3.8,0,0,239,268,1.9,1.9,377,0,35,40,0.45,0.5,536
2,2017-09-19 07:54:38,0.94,235,0,0,60,4,0,0,271,282,1.8,1.8,377,0,36,40,0.48,0.5,536
2,2017-09-19 07:55:45,1.05,236,0,0,60,4.5,0,0,244,266,2.2,2.2,378,0,35,40,0.53,0.58,536
2,2017-09-19 07:56:52,1.82,236,0,0,60,7.7,0,0,264,284,3.5,3.5,378,0,36,40,0.92,0.99,536
2,2017-09-19 07:57:58,0.97,235,0,0,59.9,4.2,0,0,257,274,2,2,376,0,36,41,0.51,0.54,536
2,2017-09-19 07:59:04,1.14,235,0,0,59.9,4.9,0,0,250,266,2.3,2.3,377,0,36,40,0.57,0.61,536
2,2017-09-19 08:00:10,1.38,235,0,0,59.9,5.9,0,0,250,267,2.9,2.9,377,0,36,41,0.72,0.77,536
2,2017-09-19 08:01:16,1.2,235,0,0,59.9,5.1,0,0,271,279,2.3,2.3,377,0,36,41,0.62,0.64,536
2,2017-09-19 08:02:23,1.08,234,0,0,59.8,4.6,0,0,245,267,2.3,2.2,375,0,37,41,0.56,0.58,536
2,2017-09-19 08:03:29,1.89,235,0,0,60,8,0,0,261,264,3.7,3.8,377,0,36,41,0.96,1,536
2,2017-09-19 08:04:35,1.21,235,0,0,60,5.2,0,0,263,274,2.4,2.4,377,0,37,41,0.62,0.65,536
2,2017-09-19 08:05:41,1.14,235,0,0,60,4.9,0,0,254,261,2.4,2.3,377,0,36,41,0.6,0.59,536
2,2017-09-19 08:06:48,1.38,235,0,0,60.1,5.8,0,0,260,274,2.7,2.7,378,0,37,41,0.7,0.73,536
2,2017-09-19 08:07:54,1.12,236,0,0,60,4.8,0,0,247,274,2.3,2.3,378,0,36,41,0.56,0.62,536
2,2017-09-19 08:09:00,0.66,235,0,0,60,2.9,0,0,260,277,1.3,1.3,377,0,37,41,0.33,0.35,536
2,2017-09-19 08:10:06,0.82,235,0,0,60,3.5,0,0,267,280,1.6,1.6,377,0,36,40,0.42,0.44,536
2,2017-09-19 08:11:12,0.57,235,0,0,59.9,2.5,0,0,247,274,1.2,1.2,377,0,35,40,0.29,0.32,536
2,2017-09-19 08:12:19,0.59,234,0,0,59.8,2.6,0,0,248,275,1.2,1.2,376,0,36,40,0.29,0.32,536
2,2017-09-19 08:13:25,0.68,234,0,0,59.9,3,0,0,260,277,1.4,1.4,376,0,35,40,0.36,0.38,536
2,2017-09-19 08:14:31,0.81,235,0,0,59.9,3.5,0,0,259,277,1.6,1.6,377,0,36,40,0.41,0.44,536
2,2017-09-19 08:15:37,0.85,235,0,0,60,3.7,0,0,259,277,1.6,1.6,377,0,35,40,0.41,0.44,536
2,2017-09-19 08:16:43,0.83,234,0,0,59.9,3.6,0,0,260,277,1.7,1.7,376,0,35,40,0.44,0.46,536
2,2017-09-19 08:17:50,0.89,235,0,0,60,3.9,0,0,266,280,1.8,1.7,376,0,36,40,0.47,0.47,536
2,2017-09-19 08:18:56,0.88,234,0,0,60,3.8,0,0,251,274,1.8,1.8,376,0,35,40,0.45,0.49,536
2,2017-09-19 08:20:02,0.91,234,0,0,59.9,3.9,0,0,254,274,1.9,1.8,376,0,36,40,0.48,0.49,536
2,2017-09-19 08:21:09,0.85,234,0,0,60,3.7,0,0,255,275,1.7,1.7,376,0,35,40,0.43,0.46,536
2,2017-09-19 08:22:15,1.07,234,0,0,59.9,4.6,0,0,219,266,2.4,2.4,376,0,36,40,0.52,0.63,536
2,2017-09-19 08:23:21,2.4,238,0,0,59.9,10.1,0,0,262,270,4.8,4.8,382,0,35,41,1.25,1.29,536
2,2017-09-19 08:24:27,2.56,238,0,0,60,10.7,0,0,269,279,5,4.9,382,0,36,42,1.34,1.36,536
2,2017-09-19 08:25:35,2.47,238,0,0,59.9,10.3,0,0,270,275,4.8,4.8,382,0,37,43,1.29,1.31,536
2,2017-09-19 08:26:41,2.43,238,0,0,59.8,10.2,0,0,265,271,4.8,4.8,382,0,39,44,1.26,1.29,537
2,2017-09-19 08:27:47,2.36,238,0,0,59.9,9.9,0,0,253,262,4.9,4.9,382,0,40,44,1.23,1.28,537
2,2017-09-19 08:28:53,2.41,238,0,0,60,10.1,0,0,260,267,4.8,4.8,381,0,39,44,1.24,1.27,537
2,2017-09-19 08:30:00,2.38,238,0,0,60,10,0,0,260,267,4.7,4.7,382,0,40,44,1.21,1.25,537
2,2017-09-19 08:31:06,2.4,238,0,0,59.9,10,0,0,263,270,4.7,4.7,382,0,39,45,1.23,1.26,537
2,2017-09-19 08:32:12,2.44,238,0,0,59.9,10.2,0,0,263,270,4.8,4.8,381,0,40,45,1.25,1.29,537
2,2017-09-19 08:33:18,2.39,238,0,0,59.9,10,0,0,258,265,4.8,4.8,382,0,39,45,1.23,1.26,537
2,2017-09-19 08:34:25,2.39,238,0,0,59.9,10,0,0,263,270,4.8,4.8,382,0,40,45,1.25,1.29,537
2,2017-09-19 08:35:31,2.45,236,0,0,59.9,10.4,0,0,256,264,4.9,4.9,378,0,39,46,1.25,1.29,537
2,2017-09-19 08:36:37,2.46,235,0,0,60,10.4,0,0,259,269,4.9,4.9,377,0,40,46,1.26,1.31,537
2,2017-09-19 08:37:43,2.51,236,0,0,59.9,10.6,0,0,261,265,4.9,5,378,0,41,46,1.27,1.32,537
2,2017-09-19 08:38:49,2.51,235,0,0,59.9,10.7,0,0,261,267,5,5,377,0,41,46,1.3,1.33,537
2,2017-09-19 08:39:56,2.52,235,0,0,59.9,10.7,0,0,265,271,4.9,4.9,378,0,41,47,1.29,1.32,537
2,2017-09-19 08:41:02,2.55,235,0,0,59.9,10.8,0,0,259,266,5.1,5.1,377,0,42,47,1.31,1.35,537
2,2017-09-19 08:42:08,2.58,235,0,0,59.9,11,0,0,261,266,5.1,5.2,377,0,41,47,1.32,1.38,537
2,2017-09-19 08:43:14,2.56,235,0,0,59.9,10.9,0,0,256,262,5.2,5.2,377,0,42,48,1.32,1.35,537
2,2017-09-19 08:44:20,2.63,235,0,0,59.9,11.1,0,0,252,259,5.4,5.4,378,0,43,48,1.35,1.39,537
2,2017-09-19 08:45:27,2.51,235,0,0,60,10.7,0,0,253,263,5.2,5.1,377,0,42,48,1.31,1.33,537
2,2017-09-19 08:46:33,2.58,235,0,0,60,10.9,0,0,259,266,5.1,5.1,377,0,43,48,1.31,1.35,537
2,2017-09-19 08:47:39,2.66,236,0,0,60,11.3,0,0,255,262,5.3,5.3,378,0,42,48,1.34,1.38,537
2,2017-09-19 08:48:45,2.7,236,0,0,59.9,11.4,0,0,254,261,5.4,5.4,378,0,43,49,1.36,1.4,537
2,2017-09-19 08:49:51,2.69,235,0,0,59.9,11.4,0,0,258,264,5.4,5.4,378,0,43,49,1.39,1.42,537
2,2017-09-19 08:50:58,2.71,235,0,0,59.9,11.5,0,0,250,259,5.6,5.6,378,0,44,49,1.39,1.44,538
2,2017-09-19 08:52:04,2.67,235,0,0,60,11.3,0,0,250,254,5.5,5.5,377,0,43,49,1.37,1.39,538
2,2017-09-19 08:53:10,1.22,233,0,0,60,5.2,0,0,256,267,2.5,2.5,375,0,44,49,0.63,0.66,538
2,2017-09-19 08:54:17,1.24,234,0,0,60,5.3,0,0,255,269,2.5,2.5,375,0,43,47,0.63,0.67,538
2,2017-09-19 08:55:24,1.09,233,0,0,60,4.7,0,0,255,268,2.2,2.2,374,0,42,47,0.55,0.58,538
2,2017-09-19 08:56:30,1.08,232,0,0,59.9,4.6,0,0,255,269,2.2,2.2,374,0,41,46,0.55,0.59,538
2,2017-09-19 08:57:37,1.46,233,0,0,59.9,6.2,0,0,248,250,3.1,3.1,374,0,41,46,0.76,0.77,538
2,2017-09-19 08:58:43,1.17,233,0,0,59.9,5,0,0,263,273,2.3,2.4,374,0,40,46,0.6,0.65,538
2,2017-09-19 08:59:49,2.98,235,0,0,59.9,12.6,0,0,269,275,5.7,5.7,378,0,41,46,1.53,1.56,538
2,2017-09-19 09:00:55,2.62,234,0,0,59.9,11.2,0,0,259,281,5.2,5.1,376,0,41,48,1.34,1.43,538
2,2017-09-19 09:02:01,0,234,0,0,59.9,0,0,0,325,329,0,0,327,0,42,47,0,0,538
2,2017-09-19 09:03:08,0,232,0,0,60,0,0,0,315,319,0,0,317,0,41,45,0,0,538
2,2017-09-19 09:04:14,0,233,0,0,60,0,0,0,322,326,0,0,323,0,40,44,0,0,538
2,2017-09-19 09:05:20,0,234,0,0,59.9,0,0,0,325,329,0,0,326,0,39,43,0,0,538
2,2017-09-19 09:06:26,0,233,0,0,59.9,0,0,0,322,326,0,0,323,0,38,43,0,0,538
2,2017-09-19 09:07:33,1.62,233,0,0,59.9,6.9,0,0,247,268,3.3,3.3,374,0,39,45,0.81,0.88,538
2,2017-09-19 09:08:39,0,233,0,0,60,0,0,0,318,323,0,0,321,0,40,45,0,0,538
2,2017-09-19 09:09:45,0,233,0,0,60,0,0,0,316,320,0,0,318,0,39,43,0,0,538
2,2017-09-19 09:10:51,0,235,0,0,60,0,0,0,324,328,0,0,326,0,38,42,0,0,538
2,2017-09-19 09:11:57,0,234,0,0,59.8,0,0,0,320,324,0,0,322,0,37,42,0,0,538
2,2017-09-19 09:13:03,0,233,0,0,59.9,0,0,0,311,316,0,0,313,0,38,42,0,0,538
2,2017-09-19 09:14:10,1.83,234,0,0,59.9,7.8,0,0,245,226,4.1,4.1,375,0,37,42,1,0.92,538
2,2017-09-19 09:15:16,1.64,233,0,0,59.9,7,0,0,245,262,3.4,3.4,375,0,38,44,0.83,0.88,538
2,2017-09-19 09:16:22,1.49,233,0,0,60,6.4,0,0,239,258,3.2,3.2,375,0,39,44,0.76,0.82,538
2,2017-09-19 09:17:28,1.64,234,0,0,59.9,7,0,0,239,258,3.5,3.5,376,0,40,44,0.83,0.9,538
2,2017-09-19 09:18:34,1.54,233,0,0,59.9,6.6,0,0,260,271,3.1,3.1,375,0,39,44,0.8,0.83,538
2,2017-09-19 09:19:41,1.76,234,0,0,59.9,7.5,0,0,260,270,3.5,3.5,376,0,40,44,0.9,0.94,538
2,2017-09-19 09:20:47,1.44,233,0,0,59.9,6.2,0,0,252,266,3,2.9,374,0,40,44,0.75,0.76,538
2,2017-09-19 09:21:54,1.55,234,0,0,60,6.4,0,0,252,268,3.1,3.2,375,0,39,44,0.77,0.85,538
2,2017-09-19 09:23:00,1.43,233,0,0,59.9,6.1,0,0,260,271,2.9,2.8,374,0,40,44,0.75,0.75,538
2,2017-09-19 09:24:06,1.56,233,0,0,60,6.7,0,0,246,262,3.3,3.3,374,0,39,44,0.81,0.86,538
2,2017-09-19 09:25:12,1.66,233,0,0,60,7.1,0,0,259,270,3.3,3.3,374,0,40,44,0.85,0.88,538
2,2017-09-19 09:26:20,1.62,233,0,0,60,6.9,0,0,253,266,3.4,3.3,375,0,39,45,0.85,0.87,538
2,2017-09-19 09:27:26,1.66,233,0,0,60,7.1,0,0,256,268,3.3,3.3,375,0,40,45,0.84,0.88,538
2,2017-09-19 09:28:32,1.62,233,0,0,59.9,6.8,0,0,268,277,3.1,3.1,375,0,39,45,0.82,0.85,538
2,2017-09-19 09:29:38,1.78,233,0,0,59.9,7.6,0,0,259,269,3.6,3.6,375,0,40,45,0.93,0.96,538
2,2017-09-19 09:30:44,1.96,234,0,0,59.9,8.4,0,0,260,275,3.9,3.8,376,0,39,45,1.01,1.04,538
2,2017-09-19 09:31:51,1.83,233,0,0,59.9,7.8,0,0,265,274,3.6,3.6,374,0,39,45,0.95,0.98,538
2,2017-09-19 09:32:57,2.46,234,0,0,60,10.5,0,0,260,271,5,5,376,0,40,46,1.29,1.35,538
2,2017-09-19 09:34:03,2.12,234,0,0,59.9,9,0,0,257,266,4.3,4.3,375,0,41,46,1.1,1.14,538
2,2017-09-19 09:35:09,1.93,233,0,0,59.9,8.3,0,0,257,267,3.9,3.9,374,0,40,46,1,1.03,539
2,2017-09-19 09:36:15,1.8,233,0,0,60,7.7,0,0,256,267,3.7,3.7,374,0,41,46,0.94,0.98,539
2,2017-09-19 09:37:22,1.81,233,0,0,59.9,7.8,0,0,252,264,3.7,3.7,374,0,40,46,0.93,0.97,539
2,2017-09-19 09:38:28,1.79,233,0,0,60,7.7,0,0,261,270,3.6,3.6,374,0,41,46,0.93,0.96,539
2,2017-09-19 09:39:34,1.81,234,0,0,59.9,7.7,0,0,259,270,3.6,3.6,375,0,40,46,0.93,0.96,539
2,2017-09-19 09:40:40,1.74,234,0,0,60,7.4,0,0,257,268,3.5,3.5,375,0,41,46,0.89,0.93,539
2,2017-09-19 09:41:46,1.66,233,0,0,59.9,7.1,0,0,269,277,3.2,3.2,374,0,40,45,0.85,0.88,539
2,2017-09-19 09:42:53,1.57,233,0,0,59.9,6.7,0,0,256,268,3.2,3.2,375,0,39,45,0.81,0.85,539
2,2017-09-19 09:43:59,1.52,233,0,0,60,6.5,0,0,256,269,3.1,3.1,375,0,40,45,0.79,0.83,539
2,2017-09-19 09:45:05,1.49,233,0,0,60,6.4,0,0,269,278,2.9,2.9,375,0,39,45,0.77,0.8,539
2,2017-09-19 09:46:11,1.46,233,0,0,59.9,6.2,0,0,260,271,2.9,2.9,374,0,40,45,0.75,0.78,539
2,2017-09-19 09:47:17,1.43,233,0,0,60,6.1,0,0,262,273,2.8,2.8,375,0,39,45,0.73,0.76,539
2,2017-09-19 09:48:24,1.43,232,0,0,59.9,6.2,0,0,269,278,2.8,2.8,374,0,40,45,0.75,0.77,539
2,2017-09-19 09:49:30,1.56,233,0,0,60,6.7,0,0,269,277,3,3,375,0,39,45,0.8,0.82,539
2,2017-09-19 09:50:36,1.66,233,0,0,59.9,7.1,0,0,268,273,3.2,3.3,374,0,40,46,0.85,0.89,539
2,2017-09-19 09:51:43,1.95,233,0,0,59.9,8.3,0,0,248,263,4,4,375,0,40,46,0.98,1.04,539
2,2017-09-19 09:52:49,1.88,233,0,0,60,8,0,0,269,274,3.6,3.6,375,0,41,46,0.96,0.98,539
2,2017-09-19 09:53:55,1.95,234,0,0,59.9,8.3,0,0,262,270,3.8,3.8,375,0,40,46,0.99,1.02,539
2,2017-09-19 09:55:01,1.93,233,0,0,60,8.2,0,0,261,270,3.8,3.8,376,0,41,46,0.98,1.02,539
2,2017-09-19 09:56:09,1.88,233,0,0,59.9,8,0,0,255,266,3.8,3.8,375,0,40,47,0.96,1,539
2,2017-09-19 09:57:15,1.87,234,0,0,60,8,0,0,261,271,3.7,3.7,375,0,41,47,0.96,1,539
2,2017-09-19 09:58:21,1.95,234,0,0,60,8.3,0,0,259,265,3.9,4,375,0,42,47,1,1.05,539
2,2017-09-19 09:59:27,2.17,234,0,0,59.9,9.3,0,0,254,262,4.4,4.4,376,0,42,47,1.11,1.15,539
2,2017-09-19 10:00:34,2.44,234,0,0,60,10.4,0,0,255,262,5,5,376,0,41,47,1.27,1.3,539
2,2017-09-19 10:01:40,2.95,235,0,0,60,12.5,0,0,261,266,5.8,5.8,377,0,42,49,1.51,1.53,539
2,2017-09-19 10:02:46,2.9,235,0,0,59.9,12.3,0,0,276,278,5.5,5.5,378,0,43,49,1.51,1.52,539
2,2017-09-19 10:03:52,2.54,235,0,0,60,10.8,0,0,250,260,5.3,5.2,377,0,44,50,1.32,1.34,539
2,2017-09-19 10:04:58,3.68,237,0,0,59.9,15.5,0,0,276,244,7,7.6,382,0,44,49,1.92,1.85,539
2,2017-09-19 10:06:05,4.19,236,0,0,59.9,17.7,0,0,254,250,8.6,8.7,380,0,44,51,2.17,2.17,540
2,2017-09-19 10:07:11,4.29,237,0,0,60,18,0,0,258,264,8.4,8.4,381,0,45,53,2.16,2.21,540
2,2017-09-19 10:08:17,3.26,236,0,0,60,13.8,0,0,265,270,6.4,6.3,379,0,46,52,1.69,1.69,540
2,2017-09-19 10:09:23,3.97,238,0,0,59.9,16.7,0,0,257,250,8.1,8,381,0,47,52,2.07,1.99,540
2,2017-09-19 10:10:29,4.52,238,0,0,60,19,0,0,248,251,9.4,9.4,381,0,47,54,2.32,2.35,540
2,2017-09-19 10:11:36,4.67,238,0,0,59.9,19.6,0,0,249,252,9.6,9.6,381,0,47,55,2.38,2.41,540
2,2017-09-19 10:12:42,4.47,238,0,0,60,18.8,0,0,248,255,9.1,9.1,381,0,49,56,2.25,2.31,540
2,2017-09-19 10:13:48,3.39,236,0,0,59.9,14.3,0,0,260,252,6.8,6.9,379,0,50,55,1.76,1.73,540
2,2017-09-19 10:14:54,4.23,237,0,0,59.9,17.8,0,0,249,256,8.7,8.6,379,0,49,55,2.16,2.19,540
2,2017-09-19 10:16:01,4.49,238,0,0,59.9,18.9,0,0,248,251,9.1,9.2,381,0,50,55,2.25,2.3,540
2,2017-09-19 10:17:07,4.23,237,0,0,59.9,17.8,0,0,236,239,9.1,9.1,380,0,49,57,2.14,2.17,540
2,2017-09-19 10:18:13,4.11,236,0,0,59.8,17.3,0,0,247,250,8.5,8.5,379,0,50,57,2.09,2.12,540
2,2017-09-19 10:19:19,4.23,237,0,0,59.9,17.8,0,0,244,243,8.8,8.9,380,0,51,57,2.14,2.15,540
2,2017-09-19 10:20:25,4.34,236,0,0,59.9,18.3,0,0,247,251,9,8.9,379,0,51,58,2.21,2.22,541
2,2017-09-19 10:21:32,3.99,237,0,0,59.9,16.8,0,0,240,249,8.3,8.3,379,0,52,57,1.98,2.06,541
2,2017-09-19 10:22:38,4.07,236,0,0,59.8,17.2,0,0,251,255,8.2,8.2,379,0,51,58,2.05,2.08,541
2,2017-09-19 10:23:44,4.14,236,0,0,59.8,17.5,0,0,252,257,8.3,8.3,379,0,51,58,2.08,2.12,541
2,2017-09-19 10:24:50,4.24,237,0,0,59.9,17.9,0,0,231,239,9.2,9.2,380,0,51,58,2.12,2.19,541
2,2017-09-19 10:25:58,4.18,237,0,0,59.8,17.6,0,0,240,245,8.8,8.7,379,0,52,59,2.1,2.12,541
2,2017-09-19 10:27:04,2.43,234,0,0,60,10.3,0,0,240,255,5.2,5.2,376,0,53,58,1.24,1.32,541
2,2017-09-19 10:28:10,3.68,235,0,0,59.8,15.6,0,0,240,248,7.7,7.7,378,0,52,56,1.84,1.9,541
2,2017-09-19 10:29:17,2.65,235,0,0,59.9,11.2,0,0,213,107,8.6,8.4,377,0,51,57,1.82,0.89,541
2,2017-09-19 10:30:23,3.56,235,0,0,60,15.1,0,0,234,237,7.8,7.8,378,0,50,58,1.82,1.84,541
2,2017-09-19 10:31:29,2.18,234,0,0,59.9,9.3,0,0,248,259,4.5,4.5,375,0,51,58,1.11,1.16,541
2,2017-09-19 10:32:35,0,233,0,0,59.9,0,0,0,309,316,0,0,314,0,51,55,0,0,541
2,2017-09-19 10:33:41,0,233,0,0,59.9,0,0,0,307,314,0,0,311,0,51,52,0,0,541
2,2017-09-19 10:34:48,0,233,0,0,59.9,0,0,0,309,316,0,0,313,0,50,51,0,0,541
2,2017-09-19 10:35:54,0,233,0,0,60,0,0,0,312,319,0,0,316,0,48,50,0,0,541
2,2017-09-19 10:37:00,0,234,0,0,60,0,0,0,323,329,0,0,327,0,47,49,0,0,541
2,2017-09-19 10:38:06,4.58,237,0,0,59.9,19.3,0,0,245,251,9.5,9.5,380,0,46,53,2.32,2.37,541
2,2017-09-19 10:39:12,4.24,236,0,0,60,17.9,0,0,248,255,8.6,8.6,379,0,47,56,2.12,2.18,541
2,2017-09-19 10:40:18,4.35,236,0,0,60,18.4,0,0,239,246,9.2,9.2,379,0,48,57,2.19,2.25,541
2,2017-09-19 10:41:25,4.2,236,0,0,60,17.8,0,0,240,245,9,8.9,378,0,49,58,2.15,2.17,541
2,2017-09-19 10:42:31,4.16,236,0,0,60,17.6,0,0,247,252,8.5,8.5,379,0,50,58,2.09,2.13,542
2,2017-09-19 10:43:37,4.18,236,0,0,60,17.7,0,0,240,245,8.9,8.9,379,0,51,59,2.13,2.17,542
2,2017-09-19 10:44:43,4.21,236,0,0,59.9,17.8,0,0,245,249,8.7,8.7,379,0,52,59,2.12,2.16,542
2,2017-09-19 10:45:49,4.24,236,0,0,60,17.9,0,0,245,250,8.7,8.8,379,0,53,60,2.12,2.19,542
2,2017-09-19 10:46:56,3.28,235,0,0,60,13.9,0,0,251,260,6.6,6.6,377,0,53,59,1.65,1.71,542
2,2017-09-19 10:48:02,1.93,233,0,0,59.9,8.3,0,0,238,249,4.2,4.2,375,0,53,57,0.99,1.04,542
2,2017-09-19 10:49:08,1.92,233,0,0,59.9,8.2,0,0,250,259,4,4,374,0,52,56,0.99,1.03,542
2,2017-09-19 10:50:14,1.83,232,0,0,60,7.9,0,0,254,264,3.8,3.7,374,0,50,55,0.96,0.97,542
2,2017-09-19 10:51:21,1.93,233,0,0,59.9,8.2,0,0,243,255,4,4,375,0,49,55,0.96,1.01,542
2,2017-09-19 10:52:27,2.28,233,0,0,59.9,9.8,0,0,240,252,4.9,4.9,375,0,49,54,1.17,1.23,542
2,2017-09-19 10:53:33,2.79,234,0,0,60,11.9,0,0,246,246,5.9,6,376,0,49,55,1.44,1.47,542
2,2017-09-19 10:54:39,3.43,235,0,0,60,14.5,0,0,247,256,7.1,7,377,0,50,57,1.75,1.78,542
2,2017-09-19 10:55:46,3.56,235,0,0,59.9,15.1,0,0,253,259,7.1,7.1,377,0,50,57,1.79,1.83,542
2,2017-09-19 10:56:53,4.19,236,0,0,59.9,17.7,0,0,242,252,8.6,8.6,379,0,52,59,2.07,2.16,542
2,2017-09-19 10:57:59,4.62,236,0,0,60,19.5,0,0,247,249,9.5,9.6,379,0,53,59,2.34,2.38,542
2,2017-09-19 10:59:05,3.71,235,0,0,59.9,15.7,0,0,246,252,7.6,7.6,378,0,53,59,1.86,1.91,542
2,2017-09-19 11:00:12,3.71,235,0,0,59.9,15.7,0,0,252,253,7.4,7.4,377,0,52,59,1.86,1.86,543
2,2017-09-19 11:01:18,0,234,0,0,60,0,0,0,317,321,0,0,318,0,53,56,0,0,543
2,2017-09-19 11:02:24,0,233,0,0,60,0,0,0,317,320,0,0,317,0,52,53,0,0,543
2,2017-09-19 11:03:30,0,233,0,0,59.9,0,0,0,315,318,0,0,315,0,50,52,0,0,543
2,2017-09-19 11:04:37,0,233,0,0,59.9,0,0,0,311,315,0,0,312,0,49,51,0,0,543
2,2017-09-19 11:05:43,3.22,235,0,0,60,13.7,0,0,257,261,6.5,6.5,376,0,48,50,1.66,1.69,543
2,2017-09-19 11:06:49,2.34,232,0,0,59.9,10,0,0,229,233,5.3,5.3,374,0,47,53,1.21,1.23,543
2,2017-09-19 11:07:55,1.85,232,0,0,60,7.9,0,0,249,258,3.9,3.9,373,0,48,54,0.96,1,543
2,2017-09-19 11:09:01,1.61,231,0,0,59.9,6.9,0,0,246,256,3.4,3.4,372,0,49,53,0.83,0.86,543
2,2017-09-19 11:10:07,1.68,232,0,0,60,7.2,0,0,255,263,3.5,3.5,372,0,48,53,0.89,0.91,543
2,2017-09-19 11:11:14,1.81,232,0,0,59.9,7.8,0,0,244,256,3.8,3.8,373,0,47,53,0.92,0.97,543
2,2017-09-19 11:12:20,1.9,232,0,0,59.9,8.2,0,0,247,259,4,4,373,0,48,53,0.98,1.03,543
2,2017-09-19 11:13:26,1.97,232,0,0,60,8.5,0,0,261,269,3.9,3.9,373,0,47,53,1.01,1.04,543
2,2017-09-19 11:14:32,1.98,232,0,0,60,8.6,0,0,255,264,4,4,373,0,47,53,1.01,1.05,543
2,2017-09-19 11:15:38,1.99,232,0,0,59.9,8.5,0,0,243,254,4.2,4.2,374,0,48,53,1.01,1.06,543
2,2017-09-19 11:16:45,2.16,233,0,0,59.9,9.3,0,0,263,271,4.2,4.2,374,0,47,53,1.1,1.13,543
2,2017-09-19 11:17:51,2.36,232,0,0,60,10.1,0,0,256,264,4.7,4.8,374,0,48,53,1.2,1.26,543
2,2017-09-19 11:18:57,2.73,233,0,0,60,11.7,0,0,262,267,5.4,5.4,375,0,47,53,1.41,1.43,543
2,2017-09-19 11:20:03,2.6,233,0,0,59.9,11.1,0,0,251,258,5.5,5.5,375,0,48,54,1.37,1.41,543
2,2017-09-19 11:21:09,2.28,232,0,0,59.9,9.8,0,0,258,264,4.6,4.6,374,0,49,53,1.18,1.21,543
2,2017-09-19 11:22:16,1.92,232,0,0,59.9,8.2,0,0,251,263,4,3.9,373,0,48,53,1,1.02,543
2,2017-09-19 11:23:22,1.67,232,0,0,60,7.2,0,0,258,268,3.4,3.4,373,0,47,52,0.87,0.9,543
2,2017-09-19 11:24:28,1.49,231,0,0,59.9,6.4,0,0,250,264,3.1,3.1,372,0,47,52,0.77,0.81,543
2,2017-09-19 11:25:35,1.34,232,0,0,59.9,5.8,0,0,250,264,2.8,2.8,372,0,46,51,0.69,0.73,543
2,2017-09-19 11:26:42,1.32,232,0,0,59.8,5.7,0,0,256,269,2.7,2.7,373,0,45,51,0.68,0.72,543
2,2017-09-19 11:27:48,1.35,232,0,0,60,5.8,0,0,252,267,2.8,2.8,372,0,46,51,0.7,0.74,543
2,2017-09-19 11:28:55,1.36,232,0,0,59.9,5.8,0,0,250,267,2.8,2.8,373,0,45,51,0.69,0.74,543
2,2017-09-19 11:30:01,1.39,232,0,0,59.9,6,0,0,254,267,2.8,2.8,373,0,45,50,0.7,0.74,543
2,2017-09-19 11:31:07,1.33,232,0,0,59.9,5.7,0,0,253,267,2.8,2.8,373,0,44,50,0.7,0.74,543
2,2017-09-19 11:32:13,1.25,231,0,0,60,5.4,0,0,260,271,2.5,2.5,372,0,45,50,0.64,0.67,543
2,2017-09-19 11:33:19,1.13,231,0,0,59.9,4.9,0,0,253,268,2.3,2.3,372,0,44,50,0.58,0.61,543
2,2017-09-19 11:34:25,1.07,231,0,0,60,4.6,0,0,257,272,2.1,2.1,371,0,44,49,0.53,0.57,543
2,2017-09-19 11:35:32,1.03,231,0,0,59.9,4.5,0,0,261,274,2.1,2.1,372,0,44,49,0.54,0.57,543
2,2017-09-19 11:36:38,1.04,230,0,0,60,4.6,0,0,257,272,2.2,2.1,371,0,44,49,0.56,0.57,543
2,2017-09-19 11:37:44,1.1,231,0,0,60,4.8,0,0,262,275,2.2,2.2,371,0,43,49,0.57,0.6,543
2,2017-09-19 11:38:50,1.12,231,0,0,60,4.9,0,0,256,271,2.3,2.3,371,0,43,48,0.58,0.62,543
2,2017-09-19 11:39:57,1.15,232,0,0,59.9,5,0,0,260,273,2.3,2.3,372,0,42,48,0.59,0.62,544
2,2017-09-19 11:41:03,1.15,232,0,0,59.9,4.9,0,0,260,274,2.3,2.3,373,0,43,48,0.59,0.62,544
2,2017-09-19 11:42:09,1.26,231,0,0,60,5.4,0,0,267,277,2.5,2.5,372,0,42,48,0.66,0.69,544
2,2017-09-19 11:43:15,1.44,232,0,0,60,6.2,0,0,265,273,2.8,2.8,373,0,43,48,0.74,0.76,544
2,2017-09-19 11:44:21,1.44,232,0,0,59.9,6.2,0,0,257,271,2.9,2.9,373,0,43,48,0.74,0.78,544
2,2017-09-19 11:45:28,1.33,232,0,0,59.9,5.8,0,0,257,271,2.7,2.7,373,0,42,48,0.69,0.73,544
2,2017-09-19 11:46:34,1.22,232,0,0,60,5.2,0,0,263,275,2.4,2.4,373,0,43,48,0.62,0.65,544
2,2017-09-19 11:47:40,1.03,231,0,0,60,4.5,0,0,263,275,2.1,2.1,372,0,42,47,0.55,0.57,544
2,2017-09-19 11:48:46,0.86,232,0,0,60,3.7,0,0,256,272,1.8,1.8,373,0,41,47,0.45,0.48,544
2,2017-09-19 11:49:52,0.79,231,0,0,59.9,3.4,0,0,250,271,1.6,1.6,372,0,42,46,0.39,0.43,544
2,2017-09-19 11:50:58,0.75,232,0,0,59.9,3.3,0,0,256,274,1.6,1.6,372,0,41,46,0.4,0.43,544
2,2017-09-19 11:52:05,0.83,232,0,0,60,3.6,0,0,251,271,1.7,1.7,372,0,40,46,0.42,0.45,544
2,2017-09-19 11:53:11,0.89,231,0,0,59.9,3.9,0,0,250,271,1.8,1.8,373,0,41,46,0.44,0.48,544
2,2017-09-19 11:54:18,0.92,231,0,0,60,4,0,0,250,270,1.9,1.9,372,0,40,46,0.47,0.51,544
2,2017-09-19 11:55:24,0.92,232,0,0,59.8,4,0,0,255,272,1.9,1.9,373,0,40,46,0.48,0.51,544
2,2017-09-19 11:56:31,0.9,232,0,0,60,3.9,0,0,254,273,1.8,1.8,373,0,41,46,0.45,0.49,544
2,2017-09-19 11:57:37,0.82,232,0,0,60,3.6,0,0,255,273,1.8,1.8,374,0,40,45,0.45,0.49,544
2,2017-09-19 11:58:44,0.87,232,0,0,60,3.8,0,0,260,275,1.8,1.8,373,0,39,45,0.46,0.49,544
2,2017-09-19 11:59:50,0.96,232,0,0,60,4.1,0,0,255,273,1.9,1.9,373,0,40,45,0.48,0.51,544
2,2017-09-19 12:00:56,1,233,0,0,60,4.3,0,0,267,278,2,2,374,0,39,45,0.53,0.55,544
2,2017-09-19 12:02:02,1.05,233,0,0,59.9,4.5,0,0,260,275,2.1,2.1,375,0,40,45,0.54,0.57,544
2,2017-09-19 12:03:09,1.01,233,0,0,60,4.3,0,0,255,273,2.1,2.1,374,0,39,45,0.53,0.57,544
2,2017-09-19 12:04:15,0.99,230,0,0,60,4.3,0,0,253,272,2,2,371,0,40,45,0.5,0.54,544
2,2017-09-19 12:05:21,0.98,231,0,0,60.1,4.3,0,0,255,272,2,2,371,0,39,45,0.5,0.54,544
2,2017-09-19 12:06:27,0.99,230,0,0,60,4.3,0,0,266,278,2,2,371,0,40,45,0.53,0.55,544
2,2017-09-19 12:07:33,1.02,230,0,0,60,4.4,0,0,255,272,2.1,2.1,370,0,40,45,0.53,0.57,544
2,2017-09-19 12:08:39,1.03,231,0,0,60,4.5,0,0,265,277,2.1,2.1,371,0,39,45,0.55,0.58,544
2,2017-09-19 12:09:46,1.17,230,0,0,60,5.1,0,0,251,269,2.4,2.4,371,0,40,45,0.6,0.64,544
2,2017-09-19 12:10:52,1.25,231,0,0,59.9,5.4,0,0,267,277,2.5,2.5,371,0,39,45,0.66,0.69,544
2,2017-09-19 12:11:58,1.25,231,0,0,60,5.4,0,0,263,275,2.4,2.5,371,0,40,45,0.62,0.68,544
2,2017-09-19 12:13:04,1.16,230,0,0,59.9,5,0,0,263,276,2.3,2.3,371,0,39,45,0.6,0.63,544
2,2017-09-19 12:14:10,1.06,231,0,0,59.9,4.6,0,0,256,273,2.2,2.2,371,0,40,45,0.56,0.59,544
2,2017-09-19 12:15:17,1.04,230,0,0,59.9,4.5,0,0,263,276,2,2,371,0,39,45,0.52,0.55,544
2,2017-09-19 12:16:23,1.03,231,0,0,60,4.5,0,0,262,276,2,2,372,0,40,44,0.52,0.55,544
2,2017-09-19 12:17:29,1.05,231,0,0,59.9,4.6,0,0,262,276,2.1,2.1,372,0,39,44,0.54,0.57,544
2,2017-09-19 12:18:35,1.16,231,0,0,60,5,0,0,258,273,2.3,2.3,372,0,39,44,0.59,0.62,544
2,2017-09-19 12:19:41,1.16,231,0,0,59.9,5,0,0,262,275,2.3,2.3,372,0,40,44,0.6,0.63,544
2,2017-09-19 12:20:47,1.16,231,0,0,59.9,5,0,0,265,277,2.3,2.2,372,0,39,44,0.6,0.6,544
2,2017-09-19 12:21:54,1.08,231,0,0,59.9,4.7,0,0,258,274,2.2,2.2,372,0,40,44,0.56,0.6,544
2,2017-09-19 12:23:00,1.02,230,0,0,59.9,4.5,0,0,256,273,2.1,2.1,371,0,39,44,0.53,0.57,544
2,2017-09-19 12:24:07,0.95,231,0,0,60,4.1,0,0,262,276,1.9,1.9,372,0,40,44,0.49,0.52,544
2,2017-09-19 12:25:13,0.88,231,0,0,59.9,3.9,0,0,254,274,1.8,1.8,371,0,39,44,0.45,0.49,544
2,2017-09-19 12:26:20,0.82,231,0,0,60,3.6,0,0,261,277,1.6,1.6,371,0,40,43,0.41,0.44,544
2,2017-09-19 12:27:27,0.76,231,0,0,59.9,3.4,0,0,254,275,1.6,1.6,371,0,39,43,0.4,0.43,544
2,2017-09-19 12:28:33,0.73,230,0,0,60,3.2,0,0,259,277,1.5,1.5,371,0,38,43,0.38,0.41,544
2,2017-09-19 12:29:39,0.69,231,0,0,60,3.1,0,0,253,275,1.4,1.4,371,0,38,43,0.35,0.38,544
2,2017-09-19 12:30:45,0.71,230,0,0,59.9,3.1,0,0,253,275,1.4,1.4,371,0,39,43,0.35,0.38,544
2,2017-09-19 12:31:51,0.64,230,0,0,60,2.9,0,0,257,276,1.3,1.3,370,0,38,43,0.33,0.35,544
2,2017-09-19 12:32:58,0.57,230,0,0,59.9,2.5,0,0,257,278,1.2,1.1,371,0,39,43,0.3,0.3,544
2,2017-09-19 12:34:04,0.51,230,0,0,59.9,2.3,0,0,250,276,1,1,371,0,38,42,0.24,0.27,544
2,2017-09-19 12:35:10,0.45,230,0,0,60,2.1,0,0,249,276,1,1,371,0,37,42,0.24,0.27,544
2,2017-09-19 12:36:16,0.45,230,0,0,59.9,2.1,0,0,251,277,0.9,0.9,370,0,38,42,0.22,0.24,544
2,2017-09-19 12:37:22,0.41,229,0,0,59.9,1.9,0,0,250,277,0.9,0.9,370,0,37,42,0.22,0.24,544
2,2017-09-19 12:38:29,0.4,230,0,0,59.9,1.8,0,0,251,278,0.8,0.8,370,0,38,42,0.2,0.22,544
2,2017-09-19 12:39:35,0.4,229,0,0,59.9,1.9,0,0,245,276,0.9,0.9,369,0,37,42,0.22,0.24,544
2,2017-09-19 12:40:41,0.41,230,0,0,59.9,1.9,0,0,251,278,0.9,0.8,370,0,38,42,0.22,0.22,544
2,2017-09-19 12:41:47,0.39,229,0,0,59.9,1.9,0,0,235,276,0.9,0.9,370,0,37,42,0.21,0.24,544
2,2017-09-19 12:42:53,0.4,229,0,0,59.9,1.9,0,0,243,277,0.9,0.9,369,0,37,42,0.21,0.24,544
2,2017-09-19 12:44:00,0.44,230,0,0,59.9,2.1,0,0,257,279,0.9,0.9,370,0,37,41,0.23,0.25,544
2,2017-09-19 12:45:06,0.48,230,0,0,60,2.2,0,0,243,276,1.1,1.1,370,0,36,41,0.26,0.3,544
2,2017-09-19 12:46:12,0.55,230,0,0,59.9,2.5,0,0,250,277,1.1,1.1,371,0,37,41,0.27,0.3,544
2,2017-09-19 12:47:18,0.58,230,0,0,59.8,2.6,0,0,260,279,1.1,1.2,370,0,36,41,0.28,0.33,545
2,2017-09-19 12:48:24,0.6,230,0,0,60,2.7,0,0,261,280,1.2,1.2,371,0,37,41,0.31,0.33,545
2,2017-09-19 12:49:31,0.61,230,0,0,59.8,2.7,0,0,254,277,1.3,1.3,370,0,36,41,0.32,0.35,545
2,2017-09-19 12:50:37,0.6,230,0,0,60,2.7,0,0,257,278,1.3,1.3,371,0,37,41,0.33,0.36,545
2,2017-09-19 12:51:43,0.62,231,0,0,59.9,2.8,0,0,255,277,1.3,1.3,371,0,36,41,0.33,0.35,545
2,2017-09-19 12:52:50,0.6,230,0,0,60,2.7,0,0,254,277,1.2,1.2,370,0,36,41,0.3,0.33,545
2,2017-09-19 12:53:56,0.62,231,0,0,60,2.8,0,0,252,276,1.2,1.2,371,0,37,41,0.3,0.33,545
2,2017-09-19 12:55:02,0.6,230,0,0,60,2.7,0,0,247,275,1.3,1.3,370,0,36,41,0.32,0.35,545
2,2017-09-19 12:56:08,0.6,230,0,0,59.9,2.7,0,0,259,278,1.2,1.2,370,0,37,41,0.31,0.33,545
2,2017-09-19 12:57:16,0.58,230,0,0,60,2.6,0,0,251,276,1.2,1.2,370,0,36,41,0.3,0.33,545
2,2017-09-19 12:58:22,0.54,230,0,0,59.9,2.4,0,0,252,277,1.2,1.2,370,0,37,41,0.3,0.33,545
2,2017-09-19 12:59:28,0.55,229,0,0,59.9,2.5,0,0,263,281,1.1,1.1,369,0,36,41,0.28,0.3,545
2,2017-09-19 13:00:34,0.56,230,0,0,59.9,2.5,0,0,246,275,1.2,1.2,370,0,37,41,0.29,0.32,545
2,2017-09-19 13:01:41,0.6,229,0,0,59.9,2.7,0,0,253,276,1.2,1.2,369,0,36,41,0.3,0.33,545
2,2017-09-19 13:02:47,0.62,232,0,0,59.9,2.8,0,0,246,274,1.3,1.3,373,0,37,41,0.31,0.35,545
2,2017-09-19 13:03:53,0.66,231,0,0,59.8,2.9,0,0,253,275,1.4,1.4,372,0,37,41,0.35,0.38,545
2,2017-09-19 13:04:59,0.65,232,0,0,59.9,2.9,0,0,253,275,1.4,1.4,373,0,36,41,0.35,0.38,545
2,2017-09-19 13:06:05,0.68,231,0,0,59.9,3,0,0,260,277,1.4,1.4,372,0,37,41,0.36,0.38,545
2,2017-09-19 13:07:12,0.7,232,0,0,59.9,3.1,0,0,261,277,1.4,1.4,373,0,36,41,0.36,0.38,545
2,2017-09-19 13:08:18,0.79,231,0,0,59.8,3.5,0,0,254,274,1.6,1.6,372,0,37,41,0.4,0.43,545
2,2017-09-19 13:09:24,0.93,231,0,0,60,4.1,0,0,268,279,1.8,1.8,373,0,36,41,0.48,0.5,545
2,2017-09-19 13:10:30,1.09,232,0,0,59.9,4.7,0,0,261,274,2.2,2.2,373,0,37,42,0.57,0.6,545
2,2017-09-19 13:11:36,1.28,233,0,0,60,5.5,0,0,261,273,2.5,2.5,373,0,37,42,0.65,0.68,545
2,2017-09-19 13:12:43,1.33,232,0,0,59.9,5.7,0,0,261,272,2.7,2.7,373,0,37,42,0.7,0.73,545
2,2017-09-19 13:13:49,1.35,232,0,0,60,5.8,0,0,255,268,2.7,2.8,373,0,38,42,0.68,0.74,545
2,2017-09-19 13:14:55,1.37,232,0,0,59.9,5.9,0,0,266,275,2.7,2.7,373,0,38,43,0.71,0.74,545
2,2017-09-19 13:16:01,1.35,232,0,0,60,5.8,0,0,260,271,2.7,2.7,373,0,39,43,0.7,0.73,545
2,2017-09-19 13:17:07,1.42,232,0,0,60,6.1,0,0,259,269,2.8,2.8,374,0,39,43,0.72,0.75,545
2,2017-09-19 13:18:13,1.54,232,0,0,60,6.6,0,0,259,269,3.1,3.1,374,0,38,43,0.8,0.83,545
2,2017-09-19 13:19:20,1.59,233,0,0,60,6.8,0,0,259,266,3.2,3.3,373,0,39,44,0.82,0.87,545
2,2017-09-19 13:20:26,1.72,233,0,0,60,7.3,0,0,260,272,3.5,3.4,375,0,40,44,0.9,0.92,545
2,2017-09-19 13:21:32,1.77,233,0,0,59.9,7.6,0,0,253,264,3.7,3.6,374,0,39,44,0.93,0.94,545
2,2017-09-19 13:22:39,1.9,233,0,0,59.9,8.1,0,0,267,272,3.7,3.7,374,0,40,44,0.98,1,545
2,2017-09-19 13:23:45,1.9,233,0,0,59.9,8.1,0,0,260,268,3.8,3.8,375,0,39,45,0.98,1.01,545
2,2017-09-19 13:24:51,1.82,233,0,0,59.9,7.8,0,0,266,269,3.5,3.6,374,0,40,45,0.92,0.96,545
2,2017-09-19 13:25:57,1.73,233,0,0,59.9,7.4,0,0,259,267,3.5,3.5,374,0,39,45,0.9,0.93,545
2,2017-09-19 13:27:05,1.62,233,0,0,59.9,6.9,0,0,262,267,3.2,3.3,374,0,40,45,0.83,0.87,545
2,2017-09-19 13:28:11,1.55,232,0,0,59.9,6.7,0,0,265,272,3.1,3.1,374,0,39,45,0.81,0.84,545
2,2017-09-19 13:29:17,1.48,233,0,0,60,6.4,0,0,265,272,2.9,2.9,374,0,40,45,0.76,0.78,545
2,2017-09-19 13:30:23,1.42,231,0,0,59.9,6.1,0,0,257,269,2.9,2.9,372,0,39,44,0.74,0.77,545
2,2017-09-19 13:31:30,1.39,232,0,0,59.9,6,0,0,262,271,2.8,2.8,373,0,39,44,0.73,0.75,545
2,2017-09-19 13:32:36,1.4,232,0,0,59.9,6,0,0,250,264,2.9,2.9,373,0,40,44,0.72,0.76,545
2,2017-09-19 13:33:42,1.42,231,0,0,59.9,6.1,0,0,264,272,2.8,2.8,372,0,39,44,0.73,0.76,545
2,2017-09-19 13:34:48,1.46,232,0,0,60,6.3,0,0,262,271,2.9,2.9,372,0,40,45,0.75,0.78,545
2,2017-09-19 13:35:54,1.42,231,0,0,59.9,6.1,0,0,264,272,2.8,2.8,372,0,39,45,0.73,0.76,545
2,2017-09-19 13:37:01,1.33,232,0,0,60,5.7,0,0,255,268,2.8,2.8,373,0,40,45,0.71,0.74,545
2,2017-09-19 13:38:07,1.32,231,0,0,59.9,5.7,0,0,255,269,2.7,2.6,372,0,39,45,0.68,0.69,545
2,2017-09-19 13:39:13,1.2,231,0,0,59.9,5.2,0,0,255,269,2.4,2.4,371,0,40,45,0.61,0.64,545
2,2017-09-19 13:40:19,1.16,232,0,0,59.9,5,0,0,253,269,2.2,2.2,372,0,39,44,0.55,0.59,545
2,2017-09-19 13:41:25,1,230,0,0,60,4.4,0,0,260,272,2,2,371,0,40,44,0.51,0.54,546
2,2017-09-19 13:42:32,0.95,231,0,0,60,4.1,0,0,251,269,2,2,371,0,39,44,0.5,0.53,546
2,2017-09-19 13:43:38,0.85,230,0,0,60,3.8,0,0,257,272,1.8,1.8,371,0,39,44,0.46,0.48,546
2,2017-09-19 13:44:44,0.83,230,0,0,59.9,3.6,0,0,251,269,1.7,1.7,371,0,40,44,0.42,0.45,546
2,2017-09-19 13:45:50,0.82,230,0,0,60,3.6,0,0,251,269,1.7,1.7,370,0,39,44,0.42,0.45,546
2,2017-09-19 13:46:56,0.83,231,0,0,59.9,3.7,0,0,255,271,1.7,1.7,371,0,40,44,0.43,0.45,546
2,2017-09-19 13:48:03,0.87,230,0,0,59.9,3.8,0,0,251,269,1.8,1.8,371,0,39,44,0.45,0.48,546
2,2017-09-19 13:49:09,0.95,231,0,0,59.9,4.1,0,0,250,268,2,2,371,0,40,44,0.49,0.53,546
2,2017-09-19 13:50:15,1.04,231,0,0,60,4.5,0,0,257,271,2.1,2.1,372,0,39,44,0.53,0.56,546
2,2017-09-19 13:51:21,1.07,231,0,0,59.9,4.6,0,0,252,268,2.2,2.2,371,0,40,44,0.55,0.58,546
2,2017-09-19 13:52:28,1.11,230,0,0,59.9,4.8,0,0,257,271,2.3,2.3,371,0,39,44,0.58,0.62,546
2,2017-09-19 13:53:34,1.16,231,0,0,59.9,5.1,0,0,263,272,2.3,2.3,371,0,40,44,0.6,0.62,546
2,2017-09-19 13:54:40,1.18,231,0,0,60,5.1,0,0,256,269,2.5,2.4,371,0,40,44,0.63,0.64,546
2,2017-09-19 13:55:46,1.26,231,0,0,60,5.5,0,0,257,269,2.6,2.5,371,0,39,44,0.66,0.67,546
2,2017-09-19 13:56:54,1.3,231,0,0,59.9,5.6,0,0,257,269,2.6,2.6,371,0,40,44,0.66,0.69,546
2,2017-09-19 13:58:00,1.34,231,0,0,59.9,5.8,0,0,264,272,2.7,2.7,371,0,39,45,0.71,0.73,546
2,2017-09-19 13:59:06,1.31,231,0,0,59.9,5.7,0,0,264,273,2.5,2.5,372,0,40,45,0.65,0.68,546
2,2017-09-19 14:00:13,1.24,231,0,0,60,5.4,0,0,264,273,2.5,2.5,371,0,39,45,0.65,0.68,546
2,2017-09-19 14:01:19,1.22,230,0,0,60,5.3,0,0,262,271,2.4,2.4,371,0,40,45,0.62,0.64,546
2,2017-09-19 14:02:25,1.17,231,0,0,60,5.1,0,0,263,272,2.3,2.3,372,0,39,45,0.6,0.62,546
2,2017-09-19 14:03:31,1.09,231,0,0,60,4.7,0,0,262,272,2.2,2.2,371,0,40,44,0.57,0.59,546
2,2017-09-19 14:04:37,1,231,0,0,59.9,4.4,0,0,262,272,2,2,371,0,39,44,0.52,0.54,546
2,2017-09-19 14:05:44,0.95,230,0,0,59.9,4.1,0,0,261,273,1.9,1.9,371,0,39,44,0.49,0.51,546
2,2017-09-19 14:06:50,0.87,230,0,0,59.9,3.8,0,0,261,273,1.7,1.7,371,0,40,44,0.44,0.46,546
2,2017-09-19 14:07:56,0.81,231,0,0,59.9,3.5,0,0,259,272,1.6,1.6,371,0,39,44,0.41,0.43,546
2,2017-09-19 14:09:02,0.75,231,0,0,60,3.3,0,0,252,271,1.6,1.6,371,0,40,44,0.4,0.43,546
2,2017-09-19 14:10:08,0.76,231,0,0,59.9,3.3,0,0,264,274,1.4,1.5,371,0,39,44,0.36,0.41,546
2,2017-09-19 14:11:15,0.82,230,0,0,59.9,3.6,0,0,252,270,1.7,1.7,371,0,40,44,0.42,0.45,546
2,2017-09-19 14:12:21,0.9,231,0,0,60,3.9,0,0,254,270,1.8,1.8,372,0,39,44,0.45,0.48,546
2,2017-09-19 14:13:27,0.98,231,0,0,60,4.2,0,0,265,275,2,2,371,0,40,44,0.52,0.54,546
2,2017-09-19 14:14:33,1.09,231,0,0,59.9,4.7,0,0,259,271,2.2,2.2,372,0,39,44,0.56,0.59,546
2,2017-09-19 14:15:39,1.13,231,0,0,59.9,4.9,0,0,259,271,2.3,2.3,372,0,40,44,0.59,0.62,546
2,2017-09-19 14:16:46,1.08,231,0,0,60,4.7,0,0,259,271,2.2,2.3,372,0,39,44,0.56,0.62,546
2,2017-09-19 14:17:52,1.11,231,0,0,60,4.8,0,0,259,271,2.3,2.3,372,0,39,44,0.59,0.62,546
2,2017-09-19 14:18:58,1.14,231,0,0,60,4.9,0,0,266,274,2.3,2.3,372,0,40,44,0.61,0.62,546
2,2017-09-19 14:20:04,1.21,231,0,0,60,5.2,0,0,261,272,2.4,2.4,372,0,39,44,0.62,0.65,546
2,2017-09-19 14:21:10,1.2,231,0,0,59.9,5.2,0,0,265,274,2.4,2.4,372,0,40,44,0.63,0.65,546
2,2017-09-19 14:22:17,1.16,231,0,0,59.9,5,0,0,268,276,2.3,2.3,371,0,39,44,0.61,0.63,546
2,2017-09-19 14:23:23,1.16,231,0,0,59.9,5,0,0,264,274,2.3,2.3,372,0,40,44,0.6,0.62,546
2,2017-09-19 14:24:29,1.06,231,0,0,60,4.6,0,0,264,274,2.1,2.1,372,0,39,44,0.55,0.57,546
2,2017-09-19 14:25:36,0.98,231,0,0,60,4.3,0,0,264,274,2,2,372,0,39,43,0.52,0.54,546
2,2017-09-19 14:26:42,0.92,232,0,0,60,4,0,0,256,272,1.9,1.9,373,0,38,43,0.48,0.51,546
2,2017-09-19 14:27:49,0.89,231,0,0,60,3.9,0,0,256,272,1.8,1.8,371,0,39,43,0.45,0.48,546
2,2017-09-19 14:28:56,0.82,231,0,0,60,3.6,0,0,256,272,1.7,1.7,372,0,38,43,0.43,0.46,546
2,2017-09-19 14:30:02,0.8,231,0,0,60,3.5,0,0,258,274,1.6,1.6,372,0,39,43,0.41,0.43,546
2,2017-09-19 14:31:08,0.81,231,0,0,60,3.6,0,0,257,274,1.6,1.6,371,0,38,42,0.41,0.43,546
2,2017-09-19 14:32:14,0.81,232,0,0,60,3.5,0,0,259,274,1.7,1.7,372,0,37,42,0.43,0.46,546
2,2017-09-19 14:33:20,0.81,231,0,0,59.9,3.6,0,0,261,275,1.7,1.7,372,0,38,42,0.44,0.46,546
2,2017-09-19 14:34:27,0.81,231,0,0,60,3.5,0,0,263,276,1.6,1.6,372,0,38,42,0.41,0.44,546
2,2017-09-19 14:35:33,0.77,231,0,0,60,3.4,0,0,265,278,1.6,1.6,372,0,37,42,0.42,0.44,546
2,2017-09-19 14:36:39,0.76,231,0,0,60,3.3,0,0,258,276,1.5,1.5,372,0,38,42,0.38,0.41,546
2,2017-09-19 14:37:45,0.65,232,0,0,60,2.9,0,0,257,275,1.4,1.4,372,0,37,42,0.35,0.38,546
2,2017-09-19 14:38:51,0.63,231,0,0,60,2.8,0,0,259,276,1.3,1.3,372,0,37,41,0.33,0.35,546
2,2017-09-19 14:39:58,0.58,231,0,0,60,2.6,0,0,250,276,1.2,1.2,372,0,37,41,0.29,0.33,546
2,2017-09-19 14:41:04,0.53,231,0,0,60,2.4,0,0,252,275,1.1,1.1,372,0,36,41,0.27,0.3,546
2,2017-09-19 14:42:10,0.51,231,0,0,59.9,2.3,0,0,252,276,1.1,1.1,372,0,37,41,0.27,0.3,546
2,2017-09-19 14:43:16,0.48,231,0,0,59.9,2.2,0,0,252,277,1,1,371,0,36,41,0.25,0.27,547
2,2017-09-19 14:44:22,0.47,230,0,0,59.9,2.2,0,0,247,276,1,1,371,0,37,41,0.24,0.27,547
2,2017-09-19 14:45:29,0.46,231,0,0,59.9,2.1,0,0,245,276,1,1,370,0,36,41,0.24,0.27,547
2,2017-09-19 14:46:35,0.45,231,0,0,59.9,2.1,0,0,254,278,0.9,0.9,372,0,36,40,0.22,0.24,547
2,2017-09-19 14:47:41,0.42,231,0,0,59.9,2,0,0,247,276,0.9,0.9,371,0,35,40,0.22,0.24,547
2,2017-09-19 14:48:47,0.37,231,0,0,59.9,1.7,0,0,260,281,0.8,0.8,372,0,36,40,0.2,0.22,547
2,2017-09-19 14:49:53,0.35,231,0,0,60,1.6,0,0,247,279,0.7,0.7,371,0,35,40,0.17,0.19,547
2,2017-09-19 14:51:00,0.31,230,0,0,59.9,1.5,0,0,254,280,0.7,0.7,371,0,36,40,0.17,0.19,547
2,2017-09-19 14:52:06,0.3,230,0,0,59.9,1.4,0,0,238,278,0.6,0.7,371,0,35,40,0.14,0.19,547
2,2017-09-19 14:53:12,0.3,230,0,0,60,1.4,0,0,242,278,0.7,0.7,371,0,36,40,0.16,0.19,547
2,2017-09-19 14:54:19,0.3,231,0,0,60,1.4,0,0,241,278,0.7,0.7,372,0,35,39,0.16,0.19,547
2,2017-09-19 14:55:25,0.33,231,0,0,60,1.5,0,0,253,281,0.7,0.7,371,0,35,39,0.17,0.19,547
2,2017-09-19 14:56:31,0.35,231,0,0,59.9,1.6,0,0,242,278,0.8,0.8,371,0,34,39,0.19,0.22,547
2,2017-09-19 14:57:38,0.36,231,0,0,59.9,1.7,0,0,239,277,0.8,0.8,372,0,35,39,0.19,0.22,547
2,2017-09-19 14:58:45,0.4,231,0,0,59.9,1.9,0,0,259,280,0.8,0.8,371,0,34,39,0.2,0.22,547
2,2017-09-19 14:59:51,0.42,231,0,0,60,2,0,0,261,281,0.8,0.8,372,0,35,39,0.2,0.22,547
2,2017-09-19 15:00:57,0.42,231,0,0,60,2,0,0,262,282,0.9,0.9,372,0,35,39,0.23,0.25,547
2,2017-09-19 15:02:03,0.47,231,0,0,60,2.2,0,0,255,279,1,1,371,0,34,39,0.25,0.27,547
2,2017-09-19 15:03:10,0.49,232,0,0,59.9,2.2,0,0,247,277,1.1,1.1,372,0,35,39,0.27,0.3,547
2,2017-09-19 15:04:16,0.54,232,0,0,60,2.4,0,0,261,280,1.1,1.1,372,0,34,39,0.28,0.3,547
2,2017-09-19 15:05:22,0.59,232,0,0,59.9,2.6,0,0,255,278,1.2,1.2,373,0,35,39,0.3,0.33,547
2,2017-09-19 15:06:28,0.63,231,0,0,59.9,2.8,0,0,267,282,1.2,1.2,373,0,34,39,0.31,0.33,547
2,2017-09-19 15:07:34,0.6,231,0,0,59.9,2.7,0,0,261,280,1.2,1.2,372,0,35,39,0.31,0.33,547
2,2017-09-19 15:08:41,0.59,232,0,0,60,2.7,0,0,262,281,1.2,1.2,373,0,34,39,0.31,0.33,547
2,2017-09-19 15:09:47,0.58,231,0,0,60,2.6,0,0,256,280,1.2,1.2,372,0,35,39,0.3,0.33,547
2,2017-09-19 15:10:53,0.53,231,0,0,60,2.4,0,0,262,281,1,1.1,372,0,34,39,0.26,0.3,547
2,2017-09-19 15:11:59,0.54,232,0,0,59.9,2.4,0,0,261,282,1.1,1.1,373,0,34,39,0.28,0.3,547
2,2017-09-19 15:13:05,0.53,231,0,0,59.9,2.4,0,0,260,282,1.1,1.1,372,0,35,39,0.28,0.3,547
2,2017-09-19 15:14:12,0.52,232,0,0,59.9,2.4,0,0,260,282,1.1,1.1,373,0,34,39,0.28,0.3,547
2,2017-09-19 15:15:18,0.51,231,0,0,60,2.3,0,0,252,279,1.1,1.1,372,0,35,39,0.27,0.3,547
2,2017-09-19 15:16:24,0.46,231,0,0,60,2.1,0,0,264,283,1,1,372,0,34,39,0.26,0.28,547
2,2017-09-19 15:17:30,0.43,231,0,0,59.9,2,0,0,252,281,0.9,0.9,371,0,35,39,0.22,0.25,547
2,2017-09-19 15:18:36,0.4,231,0,0,59.9,1.8,0,0,253,280,0.8,0.8,371,0,34,39,0.2,0.22,547
2,2017-09-19 15:19:42,0.38,231,0,0,60,1.8,0,0,247,280,0.8,0.8,372,0,35,39,0.19,0.22,547
2,2017-09-19 15:20:49,0.36,231,0,0,60,1.7,0,0,253,281,0.8,0.8,372,0,34,39,0.2,0.22,547
2,2017-09-19 15:21:55,0.34,231,0,0,59.9,1.6,0,0,247,280,0.7,0.7,372,0,35,39,0.17,0.19,547
2,2017-09-19 15:23:02,0.34,231,0,0,60,1.6,0,0,254,282,0.7,0.7,372,0,34,39,0.17,0.19,547
2,2017-09-19 15:24:08,0.32,232,0,0,60,1.5,0,0,246,280,0.7,0.7,372,0,34,39,0.17,0.19,547
2,2017-09-19 15:25:14,0.33,231,0,0,60,1.6,0,0,251,280,0.7,0.7,372,0,35,39,0.17,0.19,547
2,2017-09-19 15:26:20,0.33,231,0,0,60,1.6,0,0,253,281,0.7,0.7,371,0,34,39,0.17,0.19,547
2,2017-09-19 15:27:28,0.31,231,0,0,59.9,1.5,0,0,243,279,0.7,0.7,372,0,35,39,0.16,0.19,547
2,2017-09-19 15:28:34,0.33,231,0,0,60,1.5,0,0,248,280,0.7,0.7,372,0,34,39,0.17,0.19,547
2,2017-09-19 15:29:40,0.29,231,0,0,60,1.4,0,0,239,278,0.7,0.7,372,0,35,39,0.16,0.19,547
2,2017-09-19 15:30:46,0.29,231,0,0,60,1.4,0,0,244,278,0.6,0.6,371,0,34,39,0.14,0.16,547
2,2017-09-19 15:31:52,0.27,231,0,0,59.9,1.3,0,0,234,278,0.6,0.6,371,0,35,39,0.14,0.16,547
2,2017-09-19 15:32:59,0.28,231,0,0,60,1.3,0,0,239,278,0.6,0.6,371,0,34,39,0.14,0.16,547
2,2017-09-19 15:34:05,0.28,231,0,0,59.9,1.3,0,0,241,278,0.6,0.6,372,0,35,39,0.14,0.16,547
2,2017-09-19 15:35:11,0.28,231,0,0,59.9,1.3,0,0,248,280,0.6,0.6,373,0,35,39,0.14,0.16,547
2,2017-09-19 15:36:17,0.25,232,0,0,59.9,1.2,0,0,248,280,0.6,0.6,373,0,34,39,0.14,0.16,547
2,2017-09-19 15:37:23,0.26,231,0,0,59.9,1.2,0,0,249,281,0.5,0.5,372,0,35,39,0.12,0.14,547
2,2017-09-19 15:38:30,0.24,231,0,0,60,1.1,0,0,242,280,0.5,0.5,372,0,34,38,0.12,0.13,547
2,2017-09-19 15:39:36,0.24,231,0,0,60,1.1,0,0,248,281,0.5,0.5,372,0,33,38,0.12,0.14,547
2,2017-09-19 15:40:42,0.23,232,0,0,59.9,1.1,0,0,247,281,0.5,0.5,373,0,34,38,0.12,0.14,547
2,2017-09-19 15:41:48,0.24,231,0,0,59.9,1.1,0,0,241,281,0.5,0.5,372,0,33,38,0.12,0.14,547
2,2017-09-19 15:42:54,0.25,232,0,0,60,1.1,0,0,247,282,0.5,0.5,373,0,34,38,0.12,0.14,547
2,2017-09-19 15:44:01,0.22,232,0,0,60,1,0,0,253,282,0.5,0.5,373,0,33,38,0.12,0.14,547
2,2017-09-19 15:45:07,0.26,232,0,0,60,1.2,0,0,238,280,0.6,0.5,373,0,34,38,0.14,0.13,547
2,2017-09-19 15:46:13,0.25,231,0,0,59.9,1.2,0,0,254,283,0.5,0.5,372,0,34,38,0.12,0.14,547
2,2017-09-19 15:47:19,0.26,232,0,0,60,1.2,0,0,238,280,0.6,0.6,373,0,33,38,0.14,0.16,547
2,2017-09-19 15:48:25,0.26,231,0,0,59.9,1.2,0,0,246,280,0.6,0.6,372,0,34,38,0.14,0.16,547
2,2017-09-19 15:49:32,0.28,232,0,0,60,1.3,0,0,254,281,0.6,0.6,373,0,33,38,0.15,0.16,547
2,2017-09-19 15:50:38,0.28,232,0,0,60,1.3,0,0,237,279,0.6,0.6,373,0,34,38,0.14,0.16,547
2,2017-09-19 15:51:44,0.31,232,0,0,60,1.4,0,0,244,280,0.7,0.6,373,0,33,38,0.17,0.16,547
2,2017-09-19 15:52:50,0.3,232,0,0,60,1.4,0,0,247,280,0.7,0.7,373,0,34,38,0.17,0.19,547
2,2017-09-19 15:53:57,0.32,232,0,0,60,1.5,0,0,258,282,0.7,0.7,374,0,33,38,0.18,0.19,547
2,2017-09-19 15:55:03,0.32,232,0,0,59.9,1.5,0,0,248,281,0.7,0.7,374,0,34,38,0.17,0.19,547
2,2017-09-19 15:56:09,0.31,232,0,0,60,1.5,0,0,254,282,0.7,0.7,373,0,33,38,0.17,0.19,547
2,2017-09-19 15:57:17,0.31,232,0,0,60,1.5,0,0,248,281,0.7,0.7,373,0,33,38,0.17,0.19,547
2,2017-09-19 15:58:23,0.32,232,0,0,60,1.5,0,0,252,281,0.7,0.7,373,0,34,38,0.17,0.19,547
2,2017-09-19 15:59:29,0.29,232,0,0,60,1.3,0,0,234,277,0.6,0.7,373,0,33,38,0.14,0.19,547
2,2017-09-19 16:00:36,0.3,232,0,0,60,1.4,0,0,244,279,0.7,0.7,373,0,34,38,0.17,0.19,547
2,2017-09-19 16:01:42,0.31,232,0,0,59.9,1.4,0,0,250,280,0.7,0.7,373,0,33,38,0.17,0.19,547
2,2017-09-19 16:02:48,0.32,232,0,0,60,1.5,0,0,256,281,0.7,0.7,373,0,34,38,0.17,0.19,547
2,2017-09-19 16:03:54,0.3,232,0,0,59.9,1.4,0,0,240,279,0.7,0.7,374,0,33,38,0.16,0.19,547
2,2017-09-19 16:05:00,0.31,232,0,0,60,1.4,0,0,241,280,0.7,0.7,374,0,34,38,0.16,0.19,547
2,2017-09-19 16:06:06,0.3,232,0,0,59.9,1.4,0,0,251,281,0.7,0.6,372,0,33,38,0.17,0.16,547
2,2017-09-19 16:07:13,0.31,232,0,0,60,1.4,0,0,246,279,0.7,0.6,373,0,34,38,0.17,0.16,547
2,2017-09-19 16:08:19,0.31,232,0,0,60,1.4,0,0,248,279,0.6,0.6,373,0,33,38,0.14,0.16,547
2,2017-09-19 16:09:25,0.28,231,0,0,60,1.3,0,0,242,278,0.6,0.6,372,0,33,38,0.14,0.16,547
2,2017-09-19 16:10:31,0.27,231,0,0,60,1.3,0,0,249,280,0.6,0.6,372,0,34,38,0.14,0.16,547
2,2017-09-19 16:11:37,0.26,232,0,0,59.9,1.2,0,0,244,279,0.6,0.6,373,0,33,38,0.14,0.16,547
2,2017-09-19 16:12:44,0.27,232,0,0,60,1.2,0,0,250,281,0.6,0.6,373,0,34,38,0.14,0.16,547
2,2017-09-19 16:13:50,0.25,231,0,0,59.9,1.2,0,0,234,279,0.6,0.6,372,0,33,38,0.14,0.16,547
2,2017-09-19 16:14:56,0.22,232,0,0,60,1,0,0,249,281,0.5,0.5,373,0,34,38,0.12,0.14,547
2,2017-09-19 16:16:02,0.23,231,0,0,59.9,1.1,0,0,242,280,0.5,0.5,372,0,33,38,0.12,0.13,547
2,2017-09-19 16:17:08,0.23,231,0,0,60,1.1,0,0,248,283,0.5,0.5,372,0,34,38,0.12,0.14,547
2,2017-09-19 16:18:15,0.22,232,0,0,59.9,1,0,0,249,284,0.5,0.5,373,0,33,38,0.12,0.14,547
2,2017-09-19 16:19:21,0.2,232,0,0,60,0.9,0,0,249,285,0.5,0.5,373,0,34,38,0.12,0.14,547
2,2017-09-19 16:20:27,0.22,232,0,0,60,1,0,0,255,286,0.5,0.5,373,0,34,38,0.12,0.14,547
2,2017-09-19 16:21:33,0.21,232,0,0,59.9,1,0,0,252,286,0.5,0.5,373,0,33,38,0.12,0.14,547
2,2017-09-19 16:22:40,0.2,232,0,0,59.9,0.9,0,0,244,284,0.4,0.5,373,0,34,38,0.09,0.14,547
2,2017-09-19 16:23:46,0.21,232,0,0,60,1,0,0,254,287,0.4,0.4,373,0,33,38,0.1,0.11,547
2,2017-09-19 16:24:52,0.19,232,0,0,60,0.9,0,0,257,288,0.4,0.4,373,0,34,38,0.1,0.11,547
2,2017-09-19 16:25:58,0.17,232,0,0,59.9,0.9,0,0,254,287,0.4,0.4,373,0,33,38,0.1,0.11,547
2,2017-09-19 16:27:04,0.16,232,0,0,60,0.8,0,0,245,287,0.4,0.4,373,0,34,38,0.09,0.11,547
2,2017-09-19 16:28:12,0.14,233,0,0,59.9,0.7,0,0,240,285,0.3,0.4,374,0,33,38,0.07,0.11,547
2,2017-09-19 16:29:18,0.18,232,0,0,59.9,0.9,0,0,258,289,0.3,0.3,374,0,34,38,0.07,0.08,547
2,2017-09-19 16:30:24,0.14,232,0,0,60,0.7,0,0,241,287,0.4,0.4,373,0,33,38,0.09,0.11,547
2,2017-09-19 16:31:31,0.17,232,0,0,59.9,0.8,0,0,248,289,0.4,0.4,374,0,33,38,0.09,0.11,547
2,2017-09-19 16:32:37,0.17,232,0,0,60,0.8,0,0,256,288,0.4,0.4,373,0,33,37,0.1,0.11,547
2,2017-09-19 16:33:43,0.18,232,0,0,60,0.9,0,0,257,288,0.4,0.4,373,0,32,37,0.1,0.11,547
2,2017-09-19 16:34:49,0.22,232,0,0,60,1,0,0,252,287,0.5,0.5,373,0,33,37,0.12,0.14,547
2,2017-09-19 16:35:55,0.21,232,0,0,60,1,0,0,241,285,0.5,0.5,373,0,32,37,0.12,0.14,547
2,2017-09-19 16:37:02,0.22,233,0,0,59.9,1,0,0,245,287,0.5,0.5,374,0,33,37,0.12,0.14,547
2,2017-09-19 16:38:08,0.22,232,0,0,60,1,0,0,251,287,0.5,0.5,373,0,32,37,0.12,0.14,547
2,2017-09-19 16:39:14,0.21,233,0,0,59.9,1,0,0,245,287,0.5,0.5,374,0,33,37,0.12,0.14,547
2,2017-09-19 16:40:20,0.21,232,0,0,59.9,1,0,0,248,287,0.5,0.5,373,0,32,37,0.12,0.14,547
2,2017-09-19 16:41:26,0.19,232,0,0,59.9,0.9,0,0,259,288,0.5,0.5,373,0,32,37,0.12,0.14,547
2,2017-09-19 16:42:32,0.21,232,0,0,60,1,0,0,251,287,0.5,0.5,373,0,33,37,0.12,0.14,547
2,2017-09-19 16:43:39,0.2,232,0,0,60,0.9,0,0,259,288,0.4,0.4,373,0,32,37,0.1,0.11,547
2,2017-09-19 16:44:45,0.2,232,0,0,60,1,0,0,252,287,0.4,0.4,373,0,33,37,0.1,0.11,547
2,2017-09-19 16:45:51,0.2,232,0,0,60,0.9,0,0,257,287,0.4,0.4,373,0,32,37,0.1,0.11,547
2,2017-09-19 16:46:57,0.19,232,0,0,60,0.9,0,0,257,287,0.5,0.4,373,0,32,36,0.12,0.11,547
2,2017-09-19 16:48:03,0.2,232,0,0,59.9,1,0,0,256,287,0.5,0.4,373,0,31,36,0.12,0.11,547
2,2017-09-19 16:49:10,0.2,233,0,0,59.9,0.9,0,0,246,286,0.5,0.5,374,0,32,36,0.12,0.14,547
2,2017-09-19 16:50:16,0.21,232,0,0,59.9,1,0,0,254,287,0.5,0.5,373,0,31,36,0.12,0.14,547
2,2017-09-19 16:51:22,0.23,232,0,0,60,1.1,0,0,254,287,0.5,0.5,373,0,32,36,0.12,0.14,547
2,2017-09-19 16:52:28,0.26,233,0,0,60,1.2,0,0,262,288,0.5,0.5,374,0,31,36,0.13,0.14,547
2,2017-09-19 16:53:35,0.28,233,0,0,60,1.3,0,0,259,286,0.6,0.6,373,0,32,36,0.15,0.17,547
2,2017-09-19 16:54:41,0.27,232,0,0,60,1.3,0,0,259,286,0.6,0.6,373,0,31,36,0.15,0.17,547
2,2017-09-19 16:55:47,0.31,233,0,0,60,1.4,0,0,254,285,0.6,0.6,374,0,32,36,0.15,0.17,547
2,2017-09-19 16:56:53,0.3,232,0,0,60,1.4,0,0,259,286,0.6,0.6,374,0,31,36,0.15,0.17,547
2,2017-09-19 16:58:01,0.29,232,0,0,60,1.4,0,0,255,285,0.6,0.6,373,0,32,36,0.15,0.17,547
2,2017-09-19 16:59:07,0.28,232,0,0,60,1.3,0,0,258,286,0.6,0.6,374,0,32,36,0.15,0.17,547
2,2017-09-19 17:00:13,0.29,232,0,0,60.1,1.4,0,0,254,285,0.6,0.6,373,0,31,36,0.15,0.17,547
2,2017-09-19 17:01:20,0.27,233,0,0,60,1.3,0,0,252,284,0.6,0.6,374,0,32,36,0.15,0.17,547
2,2017-09-19 17:02:26,0.25,233,0,0,60,1.2,0,0,245,285,0.6,0.6,374,0,31,36,0.14,0.17,547
2,2017-09-19 17:03:32,0.23,233,0,0,60,1.1,0,0,250,286,0.5,0.5,374,0,32,36,0.12,0.14,547
2,2017-09-19 17:04:38,0.21,233,0,0,59.8,1,0,0,256,286,0.5,0.5,375,0,31,36,0.12,0.14,547
2,2017-09-19 17:05:44,0.19,233,0,0,60,0.9,0,0,255,286,0.4,0.4,375,0,32,36,0.1,0.11,547
2,2017-09-19 17:06:51,0.17,233,0,0,59.9,0.9,0,0,248,285,0.4,0.4,374,0,31,36,0.09,0.11,547
2,2017-09-19 17:07:57,0.14,232,0,0,59.9,0.7,0,0,248,286,0.4,0.4,374,0,32,36,0.09,0.11,547
2,2017-09-19 17:09:03,0.18,233,0,0,60,0.9,0,0,250,286,0.4,0.4,374,0,31,36,0.09,0.11,547
2,2017-09-19 17:10:09,0.17,233,0,0,59.9,0.9,0,0,246,286,0.4,0.4,374,0,31,36,0.09,0.11,547
2,2017-09-19 17:11:15,0.15,233,0,0,60,0.8,0,0,242,285,0.4,0.4,375,0,32,36,0.09,0.11,547
2,2017-09-19 17:12:22,0.14,233,0,0,60,0.8,0,0,244,284,0.3,0.4,373,0,31,36,0.07,0.11,547
2,2017-09-19 17:13:28,0.17,232,0,0,59.9,0.8,0,0,244,285,0.4,0.4,373,0,32,36,0.09,0.11,547
2,2017-09-19 17:14:34,0.15,232,0,0,59.9,0.8,0,0,247,286,0.4,0.4,373,0,31,36,0.09,0.11,547
2,2017-09-19 17:15:40,0.13,231,0,0,60,0.7,0,0,243,286,0.3,0.3,373,0,32,36,0.07,0.08,547
2,2017-09-19 17:16:46,0.13,232,0,0,59.9,0.7,0,0,250,286,0.3,0.3,374,0,31,36,0.07,0.08,547
2,2017-09-19 17:17:53,0.11,232,0,0,59.9,0.7,0,0,244,285,0.3,0.3,373,0,32,36,0.07,0.08,547
2,2017-09-19 17:18:59,0.1,232,0,0,59.9,0.7,0,0,247,286,0.3,0.3,373,0,31,36,0.07,0.08,547
2,2017-09-19 17:20:05,0.09,232,0,0,59.9,0.7,0,0,240,286,0.2,0.2,374,0,32,36,0.04,0.05,547
2,2017-09-19 17:21:11,0.07,232,0,0,59.9,0.6,0,0,247,286,0.2,0.2,374,0,32,36,0.04,0.05,547
2,2017-09-19 17:22:17,0.04,231,0,0,59.9,0.7,0,0,240,286,0.1,0.1,373,0,31,36,0.02,0.02,547
2,2017-09-19 17:23:24,0,231,0,0,60,1,0,0,294,295,0,0,372,0,32,36,0,0,547
2,2017-09-19 17:24:30,0,231,0,0,60,0.7,0,0,212,286,0,0.1,372,0,31,36,0,0.02,547
2,2017-09-19 17:25:36,0,232,0,0,59.9,0.8,0,0,219,286,0,0,373,0,32,36,0,0,547
2,2017-09-19 17:26:43,0,231,0,0,59.9,1.2,0,0,288,289,0,0,372,0,31,36,0,0,547
2,2017-09-19 17:27:50,0,231,0,0,60,0.9,0,0,216,287,0,0,373,0,32,35,0,0,547
2,2017-09-19 17:28:56,0,231,0,0,60,0.9,0,0,154,286,0,0,372,0,31,35,0,0,547
2,2017-09-19 17:30:03,0,231,0,0,59.9,1.1,0,0,286,287,0,0,372,0,30,35,0,0,547
2,2017-09-19 17:31:09,0,231,0,0,59.9,0.9,0,0,181,286,0,0,372,0,31,35,0,0,547
2,2017-09-19 17:32:15,0,231,0,0,60,1,0,0,286,286,0,0,372,0,30,35,0,0,547
2,2017-09-19 17:33:21,0,231,0,0,59.9,0.9,0,0,222,286,0,0,371,0,30,35,0,0,547
2,2017-09-19 17:34:27,0,231,0,0,60,0.9,0,0,173,286,0,0,372,0,31,35,0,0,547
2,2017-09-19 17:35:34,0,232,0,0,60,1,0,0,287,289,0,0,373,0,30,35,0,0,547
2,2017-09-19 17:36:40,0,232,0,0,59.9,0.8,0,0,217,286,0,0,373,0,31,36,0,0,547
2,2017-09-19 17:37:46,0,231,0,0,59.9,0.8,0,0,223,285,0,0,372,0,32,36,0,0,547
2,2017-09-19 17:38:52,0,232,0,0,60,1.1,0,0,289,290,0,0,373,0,31,36,0,0,547
2,2017-09-19 17:39:58,0,232,0,0,59.9,0.8,0,0,225,286,0,0,373,0,32,36,0,0,547
2,2017-09-19 17:41:04,0,232,0,0,60,0.8,0,0,230,286,0,0,373,0,31,36,0,0,547
2,2017-09-19 17:42:11,0,231,0,0,60,0.8,0,0,242,287,0,0,372,0,32,36,0,0,547
2,2017-09-19 17:43:17,0,232,0,0,59.9,0.8,0,0,225,285,0,0,372,0,31,36,0,0,547
2,2017-09-19 17:44:23,0,232,0,0,59.9,1,0,0,289,288,0,0,372,0,31,36,0,0,547
2,2017-09-19 17:45:29,0,231,0,0,59.9,0.8,0,0,231,287,0,0,372,0,32,36,0,0,547
2,2017-09-19 17:46:35,0,231,0,0,60,0.9,0,0,169,286,0,0,372,0,31,36,0,0,547
2,2017-09-19 17:47:42,0,231,0,0,59.8,1.1,0,0,286,287,0,0,371,0,32,36,0,0,547
2,2017-09-19 17:48:48,0,230,0,0,60,0.9,0,0,209,286,0,0,371,0,31,36,0,0,547
2,2017-09-19 17:49:54,0,230,0,0,59.9,1,0,0,146,286,0,0,371,0,32,36,0,0,547
2,2017-09-19 17:51:00,0,230,0,0,60,1,0,0,283,285,0,0,371,0,31,36,0,0,547
2,2017-09-19 17:52:06,0,231,0,0,60,0.9,0,0,256,284,0,0,372,0,32,36,0,0,547
2,2017-09-19 17:53:13,0,230,0,0,59.9,1.1,0,0,282,283,0,0,371,0,31,36,0,0,547
2,2017-09-19 17:54:19,0,231,0,0,60,0.9,0,0,243,282,0,0,372,0,32,36,0,0,547
2,2017-09-19 17:55:25,0,231,0,0,59.8,1,0,0,267,281,0,0,371,0,31,36,0,0,547
2,2017-09-19 17:56:32,0,231,0,0,59.9,1.1,0,0,279,280,0,0,372,0,31,36,0,0,547
2,2017-09-19 17:57:38,0,231,0,0,59.9,1,0,0,263,278,0,0,372,0,32,36,0,0,547
2,2017-09-19 17:58:45,0,230,0,0,59.9,1,0,0,256,277,0,0,371,0,31,36,0,0,547
2,2017-09-19 17:59:52,0,230,0,0,59.9,1.1,0,0,274,275,0,0,370,0,32,36,0,0,547
2,2017-09-19 18:00:58,0,230,0,0,59.9,1,0,0,258,272,0,0,370,0,31,36,0,0,547
2,2017-09-19 18:02:04,0,230,0,0,60,1.1,0,0,249,269,0,0,371,0,32,36,0,0,547
2,2017-09-19 18:03:10,0,231,0,0,60,1,0,0,226,266,0,0,371,0,31,36,0,0,547
2,2017-09-19 18:04:16,0,230,0,0,60,1.1,0,0,249,263,0,0,370,0,32,36,0,0,547
2,2017-09-19 18:05:23,0,230,0,0,60,1,0,0,259,260,0,0,370,0,31,36,0,0,547
2,2017-09-19 18:06:29,0,231,0,0,59.9,1,0,0,224,257,0,0,371,0,32,36,0,0,547
2,2017-09-19 18:07:35,0,230,0,0,60,1.1,0,0,240,254,0,0,371,0,32,36,0,0,547
2,2017-09-19 18:08:41,0,230,0,0,59.8,1.1,0,0,250,250,0,0,370,0,31,36,0,0,547
2,2017-09-19 18:09:47,0,229,0,0,60,1,0,0,203,246,0,0,369,0,32,36,0,0,547
2,2017-09-19 18:10:54,0,230,0,0,60,1,0,0,221,241,0,0,370,0,31,36,0,0,547
2,2017-09-19 18:12:00,0,229,0,0,59.9,1.1,0,0,233,232,0,0,369,0,32,36,0,0,547
2,2017-09-19 18:13:06,0,229,0,0,59.9,1,0,0,185,220,0,0,370,0,31,36,0,0,547
2,2017-09-19 18:14:12,0,229,0,0,59.9,1.1,0,0,189,208,0,0,369,0,32,36,0,0,547
2,2017-09-19 18:15:18,0,229,0,0,59.9,1,0,0,164,197,0,0,370,0,31,36,0,0,547
2,2017-09-19 18:16:25,0,230,0,0,59.9,1.1,0,0,143,185,0,0,370,0,32,35,0,0,547
2,2017-09-19 18:17:31,0,229,0,0,60,1,0,0,155,172,0,0,369,0,31,35,0,0,547
2,2017-09-19 18:18:37,0,229,0,0,59.9,1.1,0,0,140,159,0,0,369,0,31,36,0,0,547
2,2017-09-19 18:19:43,0,229,0,0,59.9,1.1,0,0,140,146,0,0,369,0,32,36,0,0,547
2,2017-09-19 18:20:49,0,229,0,0,59.9,1.1,0,0,131,133,0,0,369,0,31,36,0,0,547
2,2017-09-19 18:21:59,0,229,0,0,59.8,1.1,0,0,115,122,0,0,368,0,32,36,0,0,547
2,2017-09-19 18:23:08,0,229,0,0,59.9,0,0,0,106,110,0,0,200,0,31,36,0,0,547
